,Name,Model Idx,Epoch,KL,Rho,A-Norm,B-Norm
0,Gaussian,0,0,0.19225752353668213,0.7000011205673218,10.0,0.0
1,Bimodal,1,0,0.4841153025627136,0.7000011205673218,10.0,0.0
2,Soft Trimodal,2,0,0.31969746947288513,0.7000011205673218,10.0,0.0
3,Edgy Trimodal,3,0,0.44883033633232117,0.7000011205673218,10.0,0.0
4,Gaussian,0,1,0.15268215537071228,0.7155948877334595,10.222803115844727,1.6586172580718994
5,Bimodal,1,1,0.20317724347114563,0.7155948877334595,10.222803115844727,5.6866912841796875
6,Soft Trimodal,2,1,0.1940486580133438,0.7155948877334595,10.222803115844727,2.9473390579223633
7,Edgy Trimodal,3,1,0.2588028013706207,0.7155948877334595,10.222803115844727,3.792755603790283
8,Gaussian,0,2,0.12234822660684586,0.7304747700691223,10.435344696044922,3.078172445297241
9,Bimodal,1,2,0.0867467075586319,0.7304739356040955,10.435338973999023,9.106691360473633
10,Soft Trimodal,2,2,0.11910485476255417,0.7304755449295044,10.435342788696289,5.1844353675842285
11,Edgy Trimodal,3,2,0.14101600646972656,0.730475127696991,10.435341835021973,6.630908489227295
12,Gaussian,0,3,0.09971805661916733,0.7453290820121765,10.64753532409668,4.258426189422607
13,Bimodal,1,3,0.04334726557135582,0.7453262805938721,10.647531509399414,11.11373519897461
14,Soft Trimodal,2,3,0.07605235278606415,0.7453294992446899,10.64753532409668,6.8103156089782715
15,Edgy Trimodal,3,3,0.07580195367336273,0.745326578617096,10.647534370422363,8.642096519470215
16,Gaussian,0,4,0.08177150785923004,0.759815514087677,10.85447883605957,5.2502360343933105
17,Bimodal,1,4,0.025961298495531082,0.7598146796226501,10.85446834564209,12.229754447937012
18,Soft Trimodal,2,4,0.05067981407046318,0.7598138451576233,10.854475021362305,7.977390766143799
19,Edgy Trimodal,3,4,0.047194141894578934,0.7598122358322144,10.854471206665039,9.94861888885498
20,Gaussian,0,5,0.06725160777568817,0.7739248275756836,11.056061744689941,6.078599452972412
21,Bimodal,1,5,0.02071998454630375,0.7739254236221313,11.056050300598145,12.890321731567383
22,Soft Trimodal,2,5,0.037929218262434006,0.7739259004592896,11.056057929992676,8.760007858276367
23,Edgy Trimodal,3,5,0.036563292145729065,0.7739247679710388,11.056055068969727,10.761152267456055
24,Gaussian,0,6,0.05650322884321213,0.7880383729934692,11.257644653320312,6.733855724334717
25,Bimodal,1,6,0.018451755866408348,0.7880356311798096,11.257634162902832,13.322564125061035
26,Soft Trimodal,2,6,0.0328788161277771,0.7880357503890991,11.257640838623047,9.262533187866211
27,Edgy Trimodal,3,6,0.031729575246572495,0.7880353331565857,11.257637023925781,11.300251960754395
28,Gaussian,0,7,0.04963674396276474,0.8016932606697083,11.452741622924805,7.2173542976379395
29,Bimodal,1,7,0.017210735008120537,0.8016932010650635,11.452730178833008,13.62955379486084
30,Soft Trimodal,2,7,0.03057611733675003,0.8016935586929321,11.452736854553223,9.601466178894043
31,Edgy Trimodal,3,7,0.02915426716208458,0.8016909956932068,11.452733039855957,11.682134628295898
32,Gaussian,0,8,0.04598478227853775,0.8150636553764343,11.643714904785156,7.556410312652588
33,Bimodal,1,8,0.01645742543041706,0.8150608539581299,11.643701553344727,13.859619140625
34,Soft Trimodal,2,8,0.029474133625626564,0.8150615692138672,11.643710136413574,9.839493751525879
35,Edgy Trimodal,3,8,0.027667438611388206,0.8150615692138672,11.643706321716309,11.965055465698242
36,Gaussian,0,9,0.04441835358738899,0.8284290432929993,11.834688186645508,7.786322116851807
37,Bimodal,1,9,0.015974711626768112,0.8284289836883545,11.834675788879395,14.039461135864258
38,Soft Trimodal,2,9,0.028972197324037552,0.8284320831298828,11.834683418273926,10.012228012084961
39,Edgy Trimodal,3,9,0.026770979166030884,0.8284295201301575,11.83467960357666,12.1825532913208
40,Gaussian,0,10,0.04402494430541992,0.8416330814361572,12.023332595825195,7.939741134643555
41,Bimodal,1,10,0.015653153881430626,0.8416341543197632,12.023321151733398,14.185063362121582
42,Soft Trimodal,2,10,0.028791839256882668,0.8416336178779602,12.02332878112793,10.141721725463867
43,Edgy Trimodal,3,10,0.02621653489768505,0.8416342735290527,12.023324012756348,12.355281829833984
44,Gaussian,0,11,0.0443270243704319,0.8542594313621521,12.203697204589844,8.040644645690918
45,Bimodal,1,11,0.015431458130478859,0.8542588353157043,12.203685760498047,14.306108474731445
46,Soft Trimodal,2,11,0.028788011521100998,0.8542600870132446,12.203692436218262,10.241800308227539
47,Edgy Trimodal,3,11,0.02586708590388298,0.8542595505714417,12.203688621520996,12.496150016784668
48,Gaussian,0,12,0.045072946697473526,0.8668863773345947,12.384060859680176,8.106866836547852
49,Bimodal,1,12,0.015283501707017422,0.8668844103813171,12.384048461914062,14.409280776977539
50,Soft Trimodal,2,12,0.02891247346997261,0.8668854832649231,12.384056091308594,10.321662902832031
51,Edgy Trimodal,3,12,0.025664502754807472,0.8668850064277649,12.384051322937012,12.613968849182129
52,Gaussian,0,13,0.04607820883393288,0.8795118927955627,12.564423561096191,8.151148796081543
53,Bimodal,1,13,0.015187341719865799,0.8795101642608643,12.564412117004395,14.499370574951172
54,Soft Trimodal,2,13,0.029123753309249878,0.8795115947723389,12.56441879272461,10.387504577636719
55,Edgy Trimodal,3,13,0.025563647970557213,0.8795073628425598,12.564414978027344,12.71489143371582
56,Gaussian,0,14,0.047233209013938904,0.8919941186904907,12.742748260498047,8.1814546585083
57,Bimodal,1,14,0.015126959420740604,0.891991138458252,12.742732048034668,14.579728126525879
58,Soft Trimodal,2,14,0.029390577226877213,0.8919912576675415,12.742741584777832,10.44345760345459
59,Edgy Trimodal,3,14,0.02553233690559864,0.8919927477836609,12.742735862731934,12.803211212158203
60,Gaussian,0,15,0.04844007268548012,0.903877317905426,12.91250228881836,8.2025146484375
61,Bimodal,1,15,0.015088423155248165,0.9038752317428589,12.91248607635498,14.652382850646973
62,Soft Trimodal,2,15,0.02967935800552368,0.9038748741149902,12.912494659423828,10.49205493927002
63,Edgy Trimodal,3,15,0.025541579350829124,0.9038769602775574,12.91248893737793,12.881627082824707
64,Gaussian,0,0,0.19357682764530182,0.700001060962677,10.0,0.0
65,Bimodal,1,0,0.4740644097328186,0.700001060962677,10.0,0.0
66,Soft Trimodal,2,0,0.33751317858695984,0.700001060962677,10.0,0.0
67,Edgy Trimodal,3,0,0.42066895961761475,0.700001060962677,10.0,0.0
68,Gaussian,0,1,0.14652907848358154,0.7155973315238953,10.222803115844727,1.747145175933838
69,Bimodal,1,1,0.2086455523967743,0.7155973315238953,10.222803115844727,5.4505486488342285
70,Soft Trimodal,2,1,0.20973047614097595,0.7155973315238953,10.222803115844727,2.9612488746643066
71,Edgy Trimodal,3,1,0.2445278763771057,0.7155973315238953,10.222803115844727,3.6602182388305664
72,Gaussian,0,2,0.1101842075586319,0.7304746508598328,10.435343742370605,3.2276742458343506
73,Bimodal,1,2,0.10057889670133591,0.730474591255188,10.435338973999023,8.669698715209961
74,Soft Trimodal,2,2,0.1310090720653534,0.7304760813713074,10.435342788696289,5.115034103393555
75,Edgy Trimodal,3,2,0.1463746428489685,0.7304728627204895,10.435340881347656,6.247012615203857
76,Gaussian,0,3,0.08368811011314392,0.7453279495239258,10.647536277770996,4.435610771179199
77,Bimodal,1,3,0.06713537126779556,0.7453287839889526,10.647531509399414,10.435494422912598
78,Soft Trimodal,2,3,0.09316570311784744,0.7453277707099915,10.64753532409668,6.566018581390381
79,Edgy Trimodal,3,3,0.10121969133615494,0.7453283667564392,10.647534370422363,7.87841796875
80,Gaussian,0,4,0.06522312015295029,0.7598137855529785,10.85447883605957,5.391533851623535
81,Bimodal,1,4,0.05198482796549797,0.7598129510879517,10.854469299316406,11.536616325378418
82,Soft Trimodal,2,4,0.07744486629962921,0.7598145008087158,10.854475021362305,7.525805473327637
83,Edgy Trimodal,3,4,0.07960920035839081,0.7598161697387695,10.854472160339355,8.979955673217773
84,Gaussian,0,5,0.05257591977715492,0.7739246487617493,11.056060791015625,6.104971408843994
85,Bimodal,1,5,0.040796659886837006,0.7739254832267761,11.056052207946777,12.32802677154541
86,Soft Trimodal,2,5,0.06886488199234009,0.7739255428314209,11.056057929992676,8.198800086975098
87,Edgy Trimodal,3,5,0.06753556430339813,0.7739253640174866,11.056055068969727,9.760196685791016
88,Gaussian,0,6,0.043765660375356674,0.7880374193191528,11.257643699645996,6.627132892608643
89,Bimodal,1,6,0.03425360843539238,0.7880350947380066,11.257635116577148,12.910492897033691
90,Soft Trimodal,2,6,0.06205040588974953,0.7880353331565857,11.257640838623047,8.732474327087402
91,Edgy Trimodal,3,6,0.06185216084122658,0.7880358099937439,11.257637977600098,10.310593605041504
92,Gaussian,0,7,0.038594383746385574,0.8016920685768127,11.452740669250488,6.9952778816223145
93,Bimodal,1,7,0.03194507211446762,0.80169278383255,11.452730178833008,13.304366111755371
94,Soft Trimodal,2,7,0.05340118706226349,0.8016936182975769,11.452737808227539,9.21713638305664
95,Edgy Trimodal,3,7,0.058079637587070465,0.8016935586929321,11.45273494720459,10.735464096069336
96,Gaussian,0,8,0.03628435730934143,0.8150615692138672,11.64371395111084,7.243894577026367
97,Bimodal,1,8,0.029667193070054054,0.8150599598884583,11.643704414367676,13.615241050720215
98,Soft Trimodal,2,8,0.04401479288935661,0.8150632381439209,11.64371109008789,9.673666954040527
99,Edgy Trimodal,3,8,0.053833555430173874,0.8150610327720642,11.643707275390625,11.107775688171387
100,Gaussian,0,9,0.035593342036008835,0.8284302353858948,11.834688186645508,7.407516956329346
101,Bimodal,1,9,0.022794799879193306,0.8284298777580261,11.834677696228027,13.940638542175293
102,Soft Trimodal,2,9,0.036205653101205826,0.8284291625022888,11.834684371948242,10.082630157470703
103,Edgy Trimodal,3,9,0.0452866293489933,0.8284285664558411,11.834680557250977,11.510464668273926
104,Gaussian,0,10,0.03570970892906189,0.8416343331336975,12.023332595825195,7.513204097747803
105,Bimodal,1,10,0.017128031700849533,0.84163498878479,12.023322105407715,14.232376098632812
106,Soft Trimodal,2,10,0.029964102432131767,0.8416347503662109,12.023329734802246,10.443906784057617
107,Edgy Trimodal,3,10,0.03385395184159279,0.8416345119476318,12.023326873779297,11.949911117553711
108,Gaussian,0,11,0.03621217980980873,0.8542608022689819,12.203696250915527,7.580036163330078
109,Bimodal,1,11,0.01581173576414585,0.8542604446411133,12.203685760498047,14.41784381866455
110,Soft Trimodal,2,11,0.02719445526599884,0.8542585968971252,12.203693389892578,10.700590133666992
111,Edgy Trimodal,3,11,0.027667921036481857,0.8542585372924805,12.203690528869629,12.300671577453613
112,Gaussian,0,12,0.03695380687713623,0.8668850660324097,12.38405990600586,7.621020793914795
113,Bimodal,1,12,0.015208837576210499,0.8668854236602783,12.384049415588379,14.553326606750488
114,Soft Trimodal,2,12,0.025939101353287697,0.8668856620788574,12.384056091308594,10.878483772277832
115,Edgy Trimodal,3,12,0.025324340909719467,0.8668844699859619,12.384053230285645,12.547547340393066
116,Gaussian,0,13,0.03784841671586037,0.8795108199119568,12.564423561096191,7.645042896270752
117,Bimodal,1,13,0.014858714304864407,0.8795111179351807,12.564413070678711,14.661239624023438
118,Soft Trimodal,2,13,0.025352656841278076,0.8795104622840881,12.564419746398926,11.005127906799316
119,Edgy Trimodal,3,13,0.024212276563048363,0.8795083165168762,12.564416885375977,12.731730461120605
120,Gaussian,0,14,0.03884104639291763,0.891994297504425,12.742746353149414,7.658216953277588
121,Bimodal,1,14,0.014639163389801979,0.8919925093650818,12.742732048034668,14.752057075500488
122,Soft Trimodal,2,14,0.02509019337594509,0.891995906829834,12.742741584777832,11.098101615905762
123,Edgy Trimodal,3,14,0.023618072271347046,0.89199298620224,12.742737770080566,12.875134468078613
124,Gaussian,0,15,0.03986561298370361,0.9038785099983215,12.912500381469727,7.664768218994141
125,Bimodal,1,15,0.01449341606348753,0.903874397277832,12.912487030029297,14.831192970275879
126,Soft Trimodal,2,15,0.0249907486140728,0.9038767218589783,12.912494659423828,11.16949462890625
127,Edgy Trimodal,3,15,0.02326315827667713,0.9038756489753723,12.912491798400879,12.990653038024902
128,Gaussian,0,0,0.20356881618499756,0.7000007629394531,10.0,0.0
129,Bimodal,1,0,0.5737471580505371,0.7000007629394531,10.0,0.0
130,Soft Trimodal,2,0,0.3921884000301361,0.7000007629394531,10.0,0.0
131,Edgy Trimodal,3,0,0.5090254545211792,0.7000007629394531,10.0,0.0
132,Gaussian,0,1,0.16310344636440277,0.7155967950820923,10.222803115844727,1.6672011613845825
133,Bimodal,1,1,0.2655183970928192,0.7155967950820923,10.222803115844727,6.050713062286377
134,Soft Trimodal,2,1,0.24911081790924072,0.7155967950820923,10.222803115844727,3.267273426055908
135,Edgy Trimodal,3,1,0.30998650193214417,0.7155967950820923,10.222803115844727,4.0673136711120605
136,Gaussian,0,2,0.1316845417022705,0.7304747700691223,10.435344696044922,3.105339527130127
137,Bimodal,1,2,0.11463843286037445,0.7304741740226746,10.435340881347656,9.904109954833984
138,Soft Trimodal,2,2,0.16387341916561127,0.7304724454879761,10.435343742370605,5.782768726348877
139,Edgy Trimodal,3,2,0.18726767599582672,0.7304734587669373,10.435343742370605,7.169082164764404
140,Gaussian,0,3,0.10993877798318863,0.7453290224075317,10.64753532409668,4.280818462371826
141,Bimodal,1,3,0.052927542477846146,0.7453264594078064,10.64753246307373,12.020423889160156
142,Soft Trimodal,2,3,0.11734965443611145,0.7453274726867676,10.64753532409668,7.47232723236084
143,Edgy Trimodal,3,3,0.11661028116941452,0.7453274130821228,10.647534370422363,9.271902084350586
144,Gaussian,0,4,0.09374326467514038,0.7598130702972412,10.85447883605957,5.243364334106445
145,Bimodal,1,4,0.03051082231104374,0.75981205701828,10.854469299316406,13.183197975158691
146,Soft Trimodal,2,4,0.09145844727754593,0.7598121762275696,10.854475975036621,8.618175506591797
147,Edgy Trimodal,3,4,0.08117014169692993,0.7598121762275696,10.854473114013672,10.635395050048828
148,Gaussian,0,5,0.07972652465105057,0.7739240527153015,11.056061744689941,6.059578895568848
149,Bimodal,1,5,0.02283429354429245,0.773923397064209,11.056052207946777,13.858572006225586
150,Soft Trimodal,2,5,0.07402631640434265,0.7739241719245911,11.056057929992676,9.450862884521484
151,Edgy Trimodal,3,5,0.0560670867562294,0.7739235162734985,11.05605697631836,11.624650001525879
152,Gaussian,0,6,0.06729473173618317,0.7880349159240723,11.257644653320312,6.757389068603516
153,Bimodal,1,6,0.01986156590282917,0.7880340814590454,11.257635116577148,14.28919792175293
154,Soft Trimodal,2,6,0.059395626187324524,0.7880336046218872,11.257641792297363,10.128626823425293
155,Edgy Trimodal,3,6,0.04155599698424339,0.7880343198776245,11.257638931274414,12.380106925964355
156,Gaussian,0,7,0.05725564435124397,0.8016901612281799,11.452742576599121,7.3278727531433105
157,Bimodal,1,7,0.018248366191983223,0.8016910552978516,11.452730178833008,14.591743469238281
158,Soft Trimodal,2,7,0.048515964299440384,0.8016923069953918,11.452737808227539,10.686485290527344
159,Edgy Trimodal,3,7,0.035052377730607986,0.8016918301582336,11.45273494720459,12.909494400024414
160,Gaussian,0,8,0.049945615231990814,0.8150591850280762,11.643715858459473,7.763052940368652
161,Bimodal,1,8,0.017258746549487114,0.8150601983070374,11.64370346069336,14.81674575805664
162,Soft Trimodal,2,8,0.03918054699897766,0.8150590062141418,11.643712043762207,11.1427640914917
163,Edgy Trimodal,3,8,0.03134004771709442,0.8150587677955627,11.643708229064941,13.293373107910156
164,Gaussian,0,9,0.04537782818078995,0.8284280896186829,11.834689140319824,8.074950218200684
165,Bimodal,1,9,0.016611481085419655,0.8284285664558411,11.834677696228027,14.991424560546875
166,Soft Trimodal,2,9,0.03427879512310028,0.8284283876419067,11.834685325622559,11.471455574035645
167,Edgy Trimodal,3,9,0.02911256067454815,0.8284280896186829,11.834681510925293,13.582565307617188
168,Gaussian,0,10,0.04313762113451958,0.8416328430175781,12.023334503173828,8.282833099365234
169,Bimodal,1,10,0.01616721600294113,0.8416319489479065,12.023322105407715,15.131940841674805
170,Soft Trimodal,2,10,0.03151469677686691,0.8416324853897095,12.023329734802246,11.71187973022461
171,Edgy Trimodal,3,10,0.0276184119284153,0.8416327238082886,12.023324966430664,13.808381080627441
172,Gaussian,0,11,0.04233643412590027,0.8542578816413879,12.20369815826416,8.415807723999023
173,Bimodal,1,11,0.01584818586707115,0.8542571663856506,12.203686714172363,15.248235702514648
174,Soft Trimodal,2,11,0.03001157008111477,0.8542584776878357,12.203694343566895,11.896110534667969
175,Edgy Trimodal,3,11,0.02643711492419243,0.8542578220367432,12.203690528869629,13.991771697998047
176,Gaussian,0,12,0.042365945875644684,0.8668824434280396,12.384060859680176,8.503739356994629
177,Bimodal,1,12,0.015622000209987164,0.8668838143348694,12.384050369262695,15.347065925598145
178,Soft Trimodal,2,12,0.02933630719780922,0.8668840527534485,12.384057998657227,12.039665222167969
179,Edgy Trimodal,3,12,0.025493251159787178,0.8668864965438843,12.384053230285645,14.144515037536621
180,Gaussian,0,13,0.042848896235227585,0.879509449005127,12.564425468444824,8.566058158874512
181,Bimodal,1,13,0.015461095608770847,0.879508376121521,12.564413070678711,15.433260917663574
182,Soft Trimodal,2,13,0.029083454981446266,0.8795099258422852,12.564420700073242,12.1542329788208
183,Edgy Trimodal,3,13,0.024872755631804466,0.8795104026794434,12.564416885375977,14.270318984985352
184,Gaussian,0,14,0.04357657954096794,0.8919928669929504,12.742748260498047,8.612447738647461
185,Bimodal,1,14,0.015345145016908646,0.8919916152954102,12.742733001708984,15.510200500488281
186,Soft Trimodal,2,14,0.029046213254332542,0.8919907212257385,12.742741584777832,12.249470710754395
187,Edgy Trimodal,3,14,0.02452116645872593,0.8919901847839355,12.74273681640625,14.372729301452637
188,Gaussian,0,15,0.044404689222574234,0.9038750529289246,12.912503242492676,8.647659301757812
189,Bimodal,1,15,0.01525639183819294,0.9038728475570679,12.912487030029297,15.579970359802246
190,Soft Trimodal,2,15,0.029120026156306267,0.9038742780685425,12.912495613098145,12.331892967224121
191,Edgy Trimodal,3,15,0.02431168034672737,0.9038721323013306,12.912491798400879,14.457603454589844
192,Gaussian,0,0,0.22231027483940125,0.7000002264976501,10.0,0.0
193,Bimodal,1,0,0.4950171411037445,0.7000002264976501,10.0,0.0
194,Soft Trimodal,2,0,0.3446493446826935,0.7000002264976501,10.0,0.0
195,Edgy Trimodal,3,0,0.46358099579811096,0.7000002264976501,10.0,0.0
196,Gaussian,0,1,0.17327989637851715,0.7155957818031311,10.222803115844727,1.7777390480041504
197,Bimodal,1,1,0.21682654321193695,0.7155957818031311,10.222803115844727,5.8019700050354
198,Soft Trimodal,2,1,0.21422246098518372,0.7155957818031311,10.222803115844727,3.067915439605713
199,Edgy Trimodal,3,1,0.27624228596687317,0.7155957818031311,10.222803115844727,3.917792558670044
200,Gaussian,0,2,0.1261470764875412,0.7304738759994507,10.435344696044922,3.4287145137786865
201,Bimodal,1,2,0.09518158435821533,0.7304747700691223,10.43533992767334,9.387260437011719
202,Soft Trimodal,2,2,0.13158023357391357,0.7304747700691223,10.435343742370605,5.413640022277832
203,Edgy Trimodal,3,2,0.15952110290527344,0.730474591255188,10.435341835021973,6.883986473083496
204,Gaussian,0,3,0.08986172080039978,0.745326817035675,10.647536277770996,4.822142124176025
205,Bimodal,1,3,0.04979809373617172,0.7453272938728333,10.64753246307373,11.454751968383789
206,Soft Trimodal,2,3,0.08393143862485886,0.7453272342681885,10.64753532409668,7.145925998687744
207,Edgy Trimodal,3,3,0.0961352288722992,0.7453268766403198,10.647534370422363,8.947259902954102
208,Gaussian,0,4,0.06738331913948059,0.7598141431808472,10.854479789733887,5.899050712585449
209,Bimodal,1,4,0.03382188081741333,0.7598122358322144,10.85446834564209,12.613226890563965
210,Soft Trimodal,2,4,0.059375494718551636,0.759813129901886,10.854475021362305,8.368446350097656
211,Edgy Trimodal,3,4,0.06478779762983322,0.759811282157898,10.854472160339355,10.33878231048584
212,Gaussian,0,5,0.053315430879592896,0.7739242315292358,11.056062698364258,6.719442844390869
213,Bimodal,1,5,0.023407025262713432,0.7739238142967224,11.056051254272461,13.394597053527832
214,Soft Trimodal,2,5,0.04394010081887245,0.7739232182502747,11.056057929992676,9.241064071655273
215,Edgy Trimodal,3,5,0.04455011337995529,0.7739240527153015,11.056055068969727,11.328575134277344
216,Gaussian,0,6,0.044989004731178284,0.7880365252494812,11.257645606994629,7.330763339996338
217,Bimodal,1,6,0.019023457542061806,0.7880342602729797,11.257634162902832,13.953529357910156
218,Soft Trimodal,2,6,0.03557842969894409,0.7880366444587708,11.257640838623047,9.889481544494629
219,Edgy Trimodal,3,6,0.03347532078623772,0.7880346179008484,11.257637977600098,12.0640287399292
220,Gaussian,0,7,0.04068942368030548,0.8016919493675232,11.452741622924805,7.7657952308654785
221,Bimodal,1,7,0.017426757141947746,0.8016918897628784,11.452730178833008,14.322366714477539
222,Soft Trimodal,2,7,0.031334422528743744,0.8016911149024963,11.452736854553223,10.34796142578125
223,Edgy Trimodal,3,7,0.028982238844037056,0.8016910552978516,11.452733039855957,12.590328216552734
224,Gaussian,0,8,0.038889575749635696,0.815060555934906,11.643715858459473,8.062993049621582
225,Bimodal,1,8,0.01653684489428997,0.8150591850280762,11.64370346069336,14.58824634552002
226,Soft Trimodal,2,8,0.028803067281842232,0.8150596022605896,11.643710136413574,10.682278633117676
227,Edgy Trimodal,3,8,0.02672504261136055,0.8150596022605896,11.643707275390625,12.970967292785645
228,Gaussian,0,9,0.03857553377747536,0.8284288644790649,11.834689140319824,8.25791072845459
229,Bimodal,1,9,0.015982478857040405,0.8284279704093933,11.834675788879395,14.792673110961914
230,Soft Trimodal,2,9,0.027359560132026672,0.8284287452697754,11.834683418273926,10.933168411254883
231,Edgy Trimodal,3,9,0.025404641404747963,0.8284263014793396,11.83467960357666,13.260261535644531
232,Gaussian,0,10,0.039063647389411926,0.8416332602500916,12.023333549499512,8.382312774658203
233,Bimodal,1,10,0.015614106319844723,0.8416332602500916,12.023323059082031,14.957246780395508
234,Soft Trimodal,2,10,0.02664763294160366,0.8416333198547363,12.02332878112793,11.122669219970703
235,Edgy Trimodal,3,10,0.024608373641967773,0.8416332602500916,12.023324966430664,13.48693561553955
236,Gaussian,0,11,0.03994366154074669,0.8542584180831909,12.20369815826416,8.461257934570312
237,Bimodal,1,11,0.015354515984654427,0.854259192943573,12.20368480682373,15.094156265258789
238,Soft Trimodal,2,11,0.026342589408159256,0.8542591333389282,12.203693389892578,11.267252922058105
239,Edgy Trimodal,3,11,0.0241058599203825,0.8542574048042297,12.203688621520996,13.668334007263184
240,Gaussian,0,12,0.04109342768788338,0.8668850064277649,12.38405990600586,8.51174545288086
241,Bimodal,1,12,0.015174276195466518,0.8668848872184753,12.384049415588379,15.211404800415039
242,Soft Trimodal,2,12,0.026270190253853798,0.8668837547302246,12.384056091308594,11.380338668823242
243,Edgy Trimodal,3,12,0.023786868900060654,0.8668835759162903,12.384052276611328,13.817007064819336
244,Gaussian,0,13,0.04244006425142288,0.879509687423706,12.564424514770508,8.544544219970703
245,Bimodal,1,13,0.015048678033053875,0.8795087337493896,12.564413070678711,15.314528465270996
246,Soft Trimodal,2,13,0.02633081004023552,0.879509449005127,12.564419746398926,11.471674919128418
247,Edgy Trimodal,3,13,0.02358224429190159,0.8795113563537598,12.56441593170166,13.942075729370117
248,Gaussian,0,14,0.04393497109413147,0.8919922709465027,12.742748260498047,8.566308975219727
249,Bimodal,1,14,0.014960180036723614,0.891990065574646,12.742733001708984,15.407303810119629
250,Soft Trimodal,2,14,0.026468252763152122,0.8919923305511475,12.742740631103516,11.547861099243164
251,Edgy Trimodal,3,14,0.0234511811286211,0.8919917345046997,12.742734909057617,14.049969673156738
252,Gaussian,0,15,0.045498475432395935,0.9038772583007812,12.912501335144043,8.58112907409668
253,Bimodal,1,15,0.01489351037889719,0.9038741588592529,12.91248607635498,15.49190616607666
254,Soft Trimodal,2,15,0.026640230789780617,0.9038751125335693,12.912493705749512,11.612957000732422
255,Edgy Trimodal,3,15,0.023363161832094193,0.903874933719635,12.912489891052246,14.144705772399902
256,Gaussian,0,0,0.23340536653995514,0.7000000476837158,10.0,0.0
257,Bimodal,1,0,0.41983309388160706,0.7000000476837158,10.0,0.0
258,Soft Trimodal,2,0,0.34705013036727905,0.7000000476837158,10.0,0.0
259,Edgy Trimodal,3,0,0.40923166275024414,0.7000000476837158,10.0,0.0
260,Gaussian,0,1,0.18932566046714783,0.7155977487564087,10.222803115844727,1.7461752891540527
261,Bimodal,1,1,0.18065330386161804,0.7155977487564087,10.222803115844727,5.220548152923584
262,Soft Trimodal,2,1,0.21989335119724274,0.7155977487564087,10.222803115844727,3.0025503635406494
263,Edgy Trimodal,3,1,0.23299503326416016,0.7155977487564087,10.222803115844727,3.6129441261291504
264,Gaussian,0,2,0.14973390102386475,0.7304748892784119,10.435345649719238,3.338080644607544
265,Bimodal,1,2,0.06948821991682053,0.730474591255188,10.43533992767334,8.639883041381836
266,Soft Trimodal,2,2,0.13756899535655975,0.7304739952087402,10.435343742370605,5.381891250610352
267,Edgy Trimodal,3,2,0.1260940432548523,0.7304734587669373,10.435341835021973,6.352908134460449
268,Gaussian,0,3,0.11821100860834122,0.7453279495239258,10.647537231445312,4.712707042694092
269,Bimodal,1,3,0.033008232712745667,0.7453269958496094,10.64753246307373,10.472800254821777
270,Soft Trimodal,2,3,0.09059837460517883,0.745327889919281,10.64753532409668,7.125647068023682
271,Edgy Trimodal,3,3,0.07769964635372162,0.7453284859657288,10.64753532409668,8.171388626098633
272,Gaussian,0,4,0.09497887641191483,0.7598137259483337,10.854479789733887,5.855994701385498
273,Bimodal,1,4,0.02357841655611992,0.7598135471343994,10.854470252990723,11.450912475585938
274,Soft Trimodal,2,4,0.06515618413686752,0.7598119378089905,10.854476928710938,8.297847747802734
275,Edgy Trimodal,3,4,0.05299503728747368,0.7598142027854919,10.854474067687988,9.364133834838867
276,Gaussian,0,5,0.07775779068470001,0.7739243507385254,11.056062698364258,6.7742719650268555
277,Bimodal,1,5,0.0201563760638237,0.7739232778549194,11.056053161621094,12.034029960632324
278,Soft Trimodal,2,5,0.05049367621541023,0.773923397064209,11.056059837341309,9.10750675201416
279,Edgy Trimodal,3,5,0.039904337376356125,0.7739232778549194,11.056056022644043,10.19019603729248
280,Gaussian,0,6,0.06502219289541245,0.7880340814590454,11.257645606994629,7.484838008880615
281,Bimodal,1,6,0.01843317225575447,0.7880343794822693,11.257636070251465,12.427314758300781
282,Soft Trimodal,2,6,0.04228575527667999,0.7880352139472961,11.25764274597168,9.678194046020508
283,Edgy Trimodal,3,6,0.03340700641274452,0.7880353331565857,11.257638931274414,10.766542434692383
284,Gaussian,0,7,0.05598464608192444,0.8016927242279053,11.452743530273438,8.021788597106934
285,Bimodal,1,7,0.017433322966098785,0.8016917109489441,11.45273208618164,12.713827133178711
286,Soft Trimodal,2,7,0.03734596446156502,0.801692008972168,11.452739715576172,10.096531867980957
287,Edgy Trimodal,3,7,0.02957058511674404,0.8016915321350098,11.45273494720459,11.190580368041992
288,Gaussian,0,8,0.05016716942191124,0.8150590062141418,11.643715858459473,8.420769691467285
289,Bimodal,1,8,0.01680680364370346,0.8150598406791687,11.643704414367676,12.93380355834961
290,Soft Trimodal,2,8,0.03461313992738724,0.8150601387023926,11.643712997436523,10.403129577636719
291,Edgy Trimodal,3,8,0.027333881705999374,0.8150594830513,11.643709182739258,11.510342597961426
292,Gaussian,0,9,0.046950262039899826,0.8284293413162231,11.83469009399414,8.709267616271973
293,Bimodal,1,9,0.01639704219996929,0.8284267783164978,11.834678649902344,13.109970092773438
294,Soft Trimodal,2,9,0.033263154327869415,0.8284289240837097,11.834687232971191,10.62491226196289
295,Edgy Trimodal,3,9,0.02606246992945671,0.8284284472465515,11.834681510925293,11.754334449768066
296,Gaussian,0,10,0.045657530426979065,0.8416329026222229,12.023334503173828,8.907170295715332
297,Bimodal,1,10,0.016119005158543587,0.8416329622268677,12.023324966430664,13.256072044372559
298,Soft Trimodal,2,10,0.03263377770781517,0.8416332006454468,12.023330688476562,10.787666320800781
299,Edgy Trimodal,3,10,0.02531108446419239,0.8416326642036438,12.023326873779297,11.94475269317627
300,Gaussian,0,11,0.045541755855083466,0.8542593121528625,12.203699111938477,9.034975051879883
301,Bimodal,1,11,0.01592201367020607,0.8542583584785461,12.20368766784668,13.3805513381958
302,Soft Trimodal,2,11,0.0323362872004509,0.8542580008506775,12.203696250915527,10.912080764770508
303,Edgy Trimodal,3,11,0.024836823344230652,0.8542593717575073,12.203691482543945,12.097993850708008
304,Gaussian,0,12,0.04608793184161186,0.8668851256370544,12.384060859680176,9.113786697387695
305,Bimodal,1,12,0.01578673906624317,0.8668847680091858,12.384051322937012,13.489263534545898
306,Soft Trimodal,2,12,0.03220386058092117,0.866884708404541,12.384058952331543,11.012724876403809
307,Edgy Trimodal,3,12,0.024535950273275375,0.8668830394744873,12.384054183959961,12.225631713867188
308,Gaussian,0,13,0.04698079824447632,0.879508376121521,12.564425468444824,9.16151237487793
309,Bimodal,1,13,0.015695150941610336,0.879510223865509,12.564414978027344,13.586416244506836
310,Soft Trimodal,2,13,0.03214234113693237,0.8795083165168762,12.564422607421875,11.098958015441895
311,Edgy Trimodal,3,13,0.02434566617012024,0.8795108795166016,12.564417839050293,12.335558891296387
312,Gaussian,0,14,0.04805987328290939,0.8919923305511475,12.74275016784668,9.190649032592773
313,Bimodal,1,14,0.015633612871170044,0.8919917941093445,12.742734909057617,13.674967765808105
314,Soft Trimodal,2,14,0.03209013119339943,0.8919928669929504,12.742745399475098,11.176660537719727
315,Edgy Trimodal,3,14,0.0242275632917881,0.8919939994812012,12.742738723754883,12.433014869689941
316,Gaussian,0,15,0.04920244589447975,0.9038760662078857,12.912503242492676,9.208955764770508
317,Bimodal,1,15,0.015589394606649876,0.903874933719635,12.91248893737793,13.75667667388916
318,Soft Trimodal,2,15,0.031986258924007416,0.9038752913475037,12.912498474121094,11.249364852905273
319,Edgy Trimodal,3,15,0.024152405560016632,0.9038745760917664,12.912491798400879,12.521161079406738
320,Gaussian,0,0,0.18357467651367188,0.6999990940093994,10.0,0.0
321,Bimodal,1,0,0.4201359450817108,0.6999990940093994,10.0,0.0
322,Soft Trimodal,2,0,0.32050782442092896,0.6999990940093994,10.0,0.0
323,Edgy Trimodal,3,0,0.3856840133666992,0.6999990940093994,10.0,0.0
324,Gaussian,0,1,0.14423061907291412,0.715599536895752,10.222803115844727,1.6593855619430542
325,Bimodal,1,1,0.17345067858695984,0.715599536895752,10.222803115844727,5.584659099578857
326,Soft Trimodal,2,1,0.20948082208633423,0.715599536895752,10.222803115844727,3.007455348968506
327,Edgy Trimodal,3,1,0.23663298785686493,0.715599536895752,10.222803115844727,3.6718664169311523
328,Gaussian,0,2,0.10763098299503326,0.7304716110229492,10.435343742370605,3.153846263885498
329,Bimodal,1,2,0.08596521615982056,0.7304708957672119,10.435338973999023,8.8380126953125
330,Soft Trimodal,2,2,0.13402195274829865,0.7304737567901611,10.435343742370605,5.397813320159912
331,Edgy Trimodal,3,2,0.1415444016456604,0.7304761409759521,10.435341835021973,6.493338108062744
332,Gaussian,0,3,0.07948122173547745,0.7453267574310303,10.647536277770996,4.400583267211914
333,Bimodal,1,3,0.0510501004755497,0.745326042175293,10.647530555725098,10.618054389953613
334,Soft Trimodal,2,3,0.09287917613983154,0.7453289031982422,10.64753532409668,7.061767578125
335,Edgy Trimodal,3,3,0.09831556677818298,0.7453276515007019,10.647534370422363,8.299508094787598
336,Gaussian,0,4,0.06267742067575455,0.7598140239715576,10.85447883605957,5.3465495109558105
337,Bimodal,1,4,0.028215894475579262,0.7598139047622681,10.85446834564209,11.795820236206055
338,Soft Trimodal,2,4,0.06654934585094452,0.7598115801811218,10.854475021362305,8.232108116149902
339,Edgy Trimodal,3,4,0.06481818109750748,0.7598121166229248,10.854472160339355,9.604872703552246
340,Gaussian,0,5,0.05352271720767021,0.773923397064209,11.056061744689941,6.0236639976501465
341,Bimodal,1,5,0.021682756021618843,0.7739236950874329,11.056051254272461,12.507384300231934
342,Soft Trimodal,2,5,0.0508904904127121,0.773923397064209,11.056057929992676,9.068461418151855
343,Edgy Trimodal,3,5,0.044806983321905136,0.7739238739013672,11.056056022644043,10.563612937927246
344,Gaussian,0,6,0.04780067875981331,0.7880373001098633,11.257644653320312,6.514380931854248
345,Bimodal,1,6,0.019032953307032585,0.7880362272262573,11.257634162902832,12.973334312438965
346,Soft Trimodal,2,6,0.0392170324921608,0.7880374193191528,11.257640838623047,9.707806587219238
347,Edgy Trimodal,3,6,0.0360131599009037,0.788036048412323,11.257637977600098,11.215721130371094
348,Gaussian,0,7,0.044068850576877594,0.8016915321350098,11.452741622924805,6.882349014282227
349,Bimodal,1,7,0.017620280385017395,0.8016915917396545,11.452729225158691,13.30784797668457
350,Soft Trimodal,2,7,0.032466255128383636,0.8016932010650635,11.452736854553223,10.177192687988281
351,Edgy Trimodal,3,7,0.03135206922888756,0.8016903400421143,11.452733039855957,11.685969352722168
352,Gaussian,0,8,0.042191702872514725,0.8150613307952881,11.64371395111084,7.154212951660156
353,Bimodal,1,8,0.016773825511336327,0.8150602579116821,11.643702507019043,13.56234073638916
354,Soft Trimodal,2,8,0.02939769998192787,0.8150572776794434,11.643710136413574,10.49903678894043
355,Edgy Trimodal,3,8,0.028598621487617493,0.8150568008422852,11.643707275390625,12.04289722442627
356,Gaussian,0,9,0.04177282750606537,0.828430712223053,11.834689140319824,7.340693473815918
357,Bimodal,1,9,0.01623549498617649,0.8284286856651306,11.834675788879395,13.764758110046387
358,Soft Trimodal,2,9,0.027906088158488274,0.8284308910369873,11.834683418273926,10.729120254516602
359,Edgy Trimodal,3,9,0.026929065585136414,0.8284286856651306,11.83467960357666,12.322673797607422
360,Gaussian,0,10,0.04217487573623657,0.8416329622268677,12.023332595825195,7.45835542678833
361,Bimodal,1,10,0.015877939760684967,0.8416338562965393,12.023321151733398,13.931675910949707
362,Soft Trimodal,2,10,0.02715420536696911,0.8416303396224976,12.02332878112793,10.903406143188477
363,Edgy Trimodal,3,10,0.025901727378368378,0.8416333198547363,12.023324966430664,12.547548294067383
364,Gaussian,0,11,0.0429585762321949,0.854259192943573,12.203697204589844,7.529103755950928
365,Bimodal,1,11,0.015630360692739487,0.8542577028274536,12.20368480682373,14.073066711425781
366,Soft Trimodal,2,11,0.026776578277349472,0.8542600274085999,12.203694343566895,11.04186725616455
367,Edgy Trimodal,3,11,0.025243166834115982,0.8542581796646118,12.203688621520996,12.732725143432617
368,Gaussian,0,12,0.043981872498989105,0.8668855428695679,12.38405990600586,7.570952415466309
369,Bimodal,1,12,0.015464331954717636,0.8668793439865112,12.384049415588379,14.195890426635742
370,Soft Trimodal,2,12,0.026627078652381897,0.8668804168701172,12.384056091308594,11.156527519226074
371,Edgy Trimodal,3,12,0.024822862818837166,0.8668806552886963,12.384051322937012,12.889240264892578
372,Gaussian,0,13,0.04515684023499489,0.8795106410980225,12.564422607421875,7.59573221206665
373,Bimodal,1,13,0.015355201438069344,0.8795095682144165,12.564412117004395,14.30516242980957
374,Soft Trimodal,2,13,0.026618603616952896,0.8795106410980225,12.564419746398926,11.255035400390625
375,Edgy Trimodal,3,13,0.024555953219532967,0.8795101642608643,12.56441593170166,13.024938583374023
376,Gaussian,0,14,0.04642743617296219,0.8919923305511475,12.74274730682373,7.610564231872559
377,Bimodal,1,14,0.015284870751202106,0.8919920921325684,12.742732048034668,14.404433250427246
378,Soft Trimodal,2,14,0.026698056608438492,0.8919909000396729,12.742740631103516,11.342312812805176
379,Edgy Trimodal,3,14,0.024389401078224182,0.8919901847839355,12.742734909057617,13.145209312438965
380,Gaussian,0,15,0.047721486538648605,0.9038723111152649,12.912501335144043,7.619565486907959
381,Bimodal,1,15,0.015237394720315933,0.9038746356964111,12.91248607635498,14.495742797851562
382,Soft Trimodal,2,15,0.026823293417692184,0.9038729667663574,12.912494659423828,11.421093940734863
383,Edgy Trimodal,3,15,0.024283133447170258,0.9038753509521484,12.912489891052246,13.253280639648438
384,Gaussian,0,0,0.1739313155412674,0.7000014781951904,10.0,0.0
385,Bimodal,1,0,0.4712451100349426,0.7000014781951904,10.0,0.0
386,Soft Trimodal,2,0,0.34975138306617737,0.7000014781951904,10.0,0.0
387,Edgy Trimodal,3,0,0.4356054365634918,0.7000014781951904,10.0,0.0
388,Gaussian,0,1,0.1332111358642578,0.7155963778495789,10.222803115844727,1.5817912817001343
389,Bimodal,1,1,0.19716879725456238,0.7155963778495789,10.222803115844727,5.689133167266846
390,Soft Trimodal,2,1,0.22265858948230743,0.7155963778495789,10.222803115844727,2.892144203186035
391,Edgy Trimodal,3,1,0.2593264877796173,0.7155963778495789,10.222803115844727,3.705937385559082
392,Gaussian,0,2,0.10073413699865341,0.7304741144180298,10.435343742370605,2.971313953399658
393,Bimodal,1,2,0.09154338389635086,0.7304729223251343,10.435338973999023,9.161107063293457
394,Soft Trimodal,2,2,0.13704942166805267,0.730474591255188,10.435342788696289,5.210534572601318
395,Edgy Trimodal,3,2,0.15076281130313873,0.7304750084877014,10.435341835021973,6.5302324295043945
396,Gaussian,0,3,0.07636268436908722,0.7453291416168213,10.64753532409668,4.145946979522705
397,Bimodal,1,3,0.043377842754125595,0.7453271150588989,10.647531509399414,11.411663055419922
398,Soft Trimodal,2,3,0.0816432312130928,0.7453270554542542,10.64753532409668,7.001797199249268
399,Edgy Trimodal,3,3,0.08925817906856537,0.7453282475471497,10.647534370422363,8.576289176940918
400,Gaussian,0,4,0.06011878699064255,0.7598130106925964,10.85447883605957,5.096555709838867
401,Bimodal,1,4,0.028142105787992477,0.7598140239715576,10.854467391967773,12.709129333496094
402,Soft Trimodal,2,4,0.05440899357199669,0.759812593460083,10.854475021362305,8.287344932556152
403,Edgy Trimodal,3,4,0.05521640554070473,0.7598130702972412,10.854472160339355,10.060754776000977
404,Gaussian,0,5,0.05140005052089691,0.7739230990409851,11.056061744689941,5.820137977600098
405,Bimodal,1,5,0.022401824593544006,0.7739247679710388,11.056049346923828,13.468793869018555
406,Soft Trimodal,2,5,0.0429694764316082,0.773923933506012,11.056057929992676,9.102824211120605
407,Edgy Trimodal,3,5,0.04063699021935463,0.7739236950874329,11.056055068969727,11.076240539550781
408,Gaussian,0,6,0.04754247888922691,0.7880348563194275,11.257643699645996,6.348302364349365
409,Bimodal,1,6,0.01958850957453251,0.788034975528717,11.257633209228516,13.969281196594238
410,Soft Trimodal,2,6,0.03722192719578743,0.7880351543426514,11.257640838623047,9.622708320617676
411,Edgy Trimodal,3,6,0.03422170504927635,0.7880347967147827,11.257637977600098,11.745078086853027
412,Gaussian,0,7,0.0462302602827549,0.8016915917396545,11.452739715576172,6.724661350250244
413,Bimodal,1,7,0.018002137541770935,0.801690936088562,11.452728271484375,14.32636547088623
414,Soft Trimodal,2,7,0.033985406160354614,0.8016906380653381,11.452736854553223,9.981882095336914
415,Edgy Trimodal,3,7,0.030719120055437088,0.8016919493675232,11.452733039855957,12.210201263427734
416,Gaussian,0,8,0.046223338693380356,0.8150594234466553,11.64371395111084,6.9878411293029785
417,Bimodal,1,8,0.01703159511089325,0.8150603175163269,11.643701553344727,14.595136642456055
418,Soft Trimodal,2,8,0.03202036768198013,0.8150598406791687,11.643710136413574,10.250194549560547
419,Edgy Trimodal,3,8,0.028666945174336433,0.815060019493103,11.643706321716309,12.552124977111816
420,Gaussian,0,9,0.04693920537829399,0.8284283876419067,11.834687232971191,7.168982982635498
421,Bimodal,1,9,0.01640932634472847,0.8284270763397217,11.834673881530762,14.806339263916016
422,Soft Trimodal,2,9,0.03092527575790882,0.8284281492233276,11.834683418273926,10.461219787597656
423,Edgy Trimodal,3,9,0.027423303574323654,0.8284276127815247,11.83467960357666,12.81427001953125
424,Gaussian,0,10,0.04805651307106018,0.8416335582733154,12.023333549499512,7.2921342849731445
425,Bimodal,1,10,0.015994038432836533,0.8416310548782349,12.023319244384766,14.978351593017578
426,Soft Trimodal,2,10,0.030413972213864326,0.8416340947151184,12.02332878112793,10.62995433807373
427,Edgy Trimodal,3,10,0.026642948389053345,0.8416321277618408,12.023324966430664,13.022232055664062
428,Gaussian,0,11,0.04936376214027405,0.8542599081993103,12.203697204589844,7.375213146209717
429,Bimodal,1,11,0.015704583376646042,0.8542580008506775,12.203682899475098,15.122225761413574
430,Soft Trimodal,2,11,0.030209515243768692,0.8542574048042297,12.203693389892578,10.76535701751709
431,Edgy Trimodal,3,11,0.026132021099328995,0.8542576432228088,12.203688621520996,13.191705703735352
432,Gaussian,0,12,0.05083688721060753,0.8668843507766724,12.38405990600586,7.43107271194458
433,Bimodal,1,12,0.015510528348386288,0.8668849468231201,12.38404655456543,15.245702743530273
434,Soft Trimodal,2,12,0.030198344960808754,0.866883397102356,12.384056091308594,10.875210762023926
435,Edgy Trimodal,3,12,0.025809377431869507,0.8668824434280396,12.384051322937012,13.333394050598145
436,Gaussian,0,13,0.0524321012198925,0.8795083165168762,12.564423561096191,7.4687089920043945
437,Bimodal,1,13,0.015383307822048664,0.8795092105865479,12.564410209655762,15.354386329650879
438,Soft Trimodal,2,13,0.03031732514500618,0.8795082569122314,12.564419746398926,10.96603012084961
439,Edgy Trimodal,3,13,0.025613268837332726,0.8795099854469299,12.564414978027344,13.454797744750977
440,Gaussian,0,14,0.05410855636000633,0.8919933438301086,12.742748260498047,7.494302749633789
441,Bimodal,1,14,0.015301572158932686,0.8919909596443176,12.742730140686035,15.452201843261719
442,Soft Trimodal,2,14,0.03052569553256035,0.8919926881790161,12.7427396774292,11.042818069458008
443,Edgy Trimodal,3,14,0.025501513853669167,0.8919909000396729,12.742735862731934,13.56110668182373
444,Gaussian,0,15,0.05578872188925743,0.9038745164871216,12.912501335144043,7.512040138244629
445,Bimodal,1,15,0.01524591539055109,0.9038739800453186,12.912484169006348,15.541374206542969
446,Soft Trimodal,2,15,0.030779337510466576,0.9038755893707275,12.912494659423828,11.108981132507324
447,Edgy Trimodal,3,15,0.025438131764531136,0.9038749933242798,12.91248893737793,13.655596733093262
448,Gaussian,0,0,0.2077571302652359,0.6999996900558472,10.0,0.0
449,Bimodal,1,0,0.556587815284729,0.6999996900558472,10.0,0.0
450,Soft Trimodal,2,0,0.43220824003219604,0.6999996900558472,10.0,0.0
451,Edgy Trimodal,3,0,0.5275565385818481,0.6999996900558472,10.0,0.0
452,Gaussian,0,1,0.16364438831806183,0.7155971527099609,10.222803115844727,1.656179666519165
453,Bimodal,1,1,0.2386435866355896,0.7155971527099609,10.222803115844727,6.073033332824707
454,Soft Trimodal,2,1,0.27224916219711304,0.7155971527099609,10.222803115844727,3.30338454246521
455,Edgy Trimodal,3,1,0.29110538959503174,0.7155971527099609,10.222803115844727,4.141078472137451
456,Gaussian,0,2,0.12736770510673523,0.730474591255188,10.435344696044922,3.1303839683532715
457,Bimodal,1,2,0.1327054798603058,0.7304756045341492,10.435338973999023,9.654349327087402
458,Soft Trimodal,2,2,0.1656939685344696,0.7304750680923462,10.435343742370605,5.988874912261963
459,Edgy Trimodal,3,2,0.16115674376487732,0.7304734587669373,10.435342788696289,7.253490447998047
460,Gaussian,0,3,0.10111573338508606,0.7453275918960571,10.64753532409668,4.369419574737549
461,Bimodal,1,3,0.08529158681631088,0.745326817035675,10.647531509399414,11.744335174560547
462,Soft Trimodal,2,3,0.11064466834068298,0.7453256845474243,10.647536277770996,7.8708319664001465
463,Edgy Trimodal,3,3,0.10008110851049423,0.7453275322914124,10.647534370422363,9.3239107131958
464,Gaussian,0,4,0.08313445001840591,0.7598140835762024,10.85447883605957,5.380549907684326
465,Bimodal,1,4,0.05705391615629196,0.7598133087158203,10.85446834564209,13.114800453186035
466,Soft Trimodal,2,4,0.07800538837909698,0.7598133087158203,10.854475975036621,9.15117359161377
467,Edgy Trimodal,3,4,0.06835262477397919,0.7598138451576233,10.854472160339355,10.70137882232666
468,Gaussian,0,5,0.0700182318687439,0.7739233374595642,11.056061744689941,6.210451126098633
469,Bimodal,1,5,0.03229476138949394,0.7739242315292358,11.056051254272461,14.144580841064453
470,Soft Trimodal,2,5,0.06069108098745346,0.7739244699478149,11.056058883666992,10.001203536987305
471,Edgy Trimodal,3,5,0.053222447633743286,0.7739243507385254,11.056055068969727,11.578722953796387
472,Gaussian,0,6,0.060641925781965256,0.7880344986915588,11.257644653320312,6.893501281738281
473,Bimodal,1,6,0.02137681096792221,0.7880352139472961,11.257634162902832,14.809944152832031
474,Soft Trimodal,2,6,0.05150445178151131,0.7880354523658752,11.257641792297363,10.566457748413086
475,Edgy Trimodal,3,6,0.04011750593781471,0.7880344986915588,11.257637977600098,12.208985328674316
476,Gaussian,0,7,0.054997045546770096,0.8016906976699829,11.452742576599121,7.4297614097595215
477,Bimodal,1,7,0.018478836864233017,0.8016895055770874,11.452728271484375,15.205534934997559
478,Soft Trimodal,2,7,0.042975928634405136,0.8016906380653381,11.452736854553223,10.98756217956543
479,Edgy Trimodal,3,7,0.03318793326616287,0.8016914129257202,11.452733039855957,12.65302848815918
480,Gaussian,0,8,0.052228305488824844,0.8150589466094971,11.643715858459473,7.818795680999756
481,Bimodal,1,8,0.017153315246105194,0.8150601983070374,11.643702507019043,15.476654052734375
482,Soft Trimodal,2,8,0.035294871777296066,0.8150599002838135,11.64371109008789,11.320384979248047
483,Edgy Trimodal,3,8,0.029904205352067947,0.8150589466094971,11.643706321716309,12.96377944946289
484,Gaussian,0,9,0.051493387669324875,0.8284276723861694,11.83469009399414,8.079329490661621
485,Bimodal,1,9,0.016414165496826172,0.8284288048744202,11.834674835205078,15.678176879882812
486,Soft Trimodal,2,9,0.03179238736629486,0.828425943851471,11.834685325622559,11.54033088684082
487,Edgy Trimodal,3,9,0.0277127493172884,0.8284289240837097,11.83467960357666,13.197300910949707
488,Gaussian,0,10,0.05213367938995361,0.8416340351104736,12.023334503173828,8.241902351379395
489,Bimodal,1,10,0.015961874276399612,0.8416336178779602,12.023321151733398,15.836174964904785
490,Soft Trimodal,2,10,0.02997324988245964,0.8416336178779602,12.023329734802246,11.688472747802734
491,Edgy Trimodal,3,10,0.026142878457903862,0.8416323065757751,12.023324966430664,13.381875038146973
492,Gaussian,0,11,0.05350027605891228,0.8542599678039551,12.203699111938477,8.338263511657715
493,Bimodal,1,11,0.015666762366890907,0.8542580604553223,12.20368480682373,15.964790344238281
494,Soft Trimodal,2,11,0.029066700488328934,0.8542568683624268,12.203694343566895,11.793830871582031
495,Edgy Trimodal,3,11,0.025197943672537804,0.8542575240135193,12.203688621520996,13.529863357543945
496,Gaussian,0,12,0.05530264601111412,0.8668851256370544,12.384061813354492,8.394119262695312
497,Bimodal,1,12,0.015475450083613396,0.8668832182884216,12.384047508239746,16.072973251342773
498,Soft Trimodal,2,12,0.028769882395863533,0.8668839931488037,12.384056091308594,11.870265007019043
499,Edgy Trimodal,3,12,0.024716440588235855,0.8668838739395142,12.384052276611328,13.648404121398926
500,Gaussian,0,13,0.057369414716959,0.879510760307312,12.564425468444824,8.426797866821289
501,Bimodal,1,13,0.015351994894444942,0.8795088529586792,12.564412117004395,16.166748046875
502,Soft Trimodal,2,13,0.028789078816771507,0.8795106410980225,12.564419746398926,11.927544593811035
503,Edgy Trimodal,3,13,0.02447519078850746,0.8795090317726135,12.56441593170166,13.744582176208496
504,Gaussian,0,14,0.05960066616535187,0.8919931650161743,12.742751121520996,8.446676254272461
505,Bimodal,1,14,0.015272685326635838,0.891990602016449,12.742730140686035,16.250228881835938
506,Soft Trimodal,2,14,0.028962906450033188,0.8919917941093445,12.742741584777832,11.973258018493652
507,Edgy Trimodal,3,14,0.024356460198760033,0.8919944763183594,12.742735862731934,13.824697494506836
508,Gaussian,0,15,0.061869051307439804,0.9038742780685425,12.912505149841309,8.459567070007324
509,Bimodal,1,15,0.015218711458146572,0.9038724899291992,12.91248607635498,16.32583236694336
510,Soft Trimodal,2,15,0.02920730598270893,0.9038729667663574,12.912495613098145,12.012235641479492
511,Edgy Trimodal,3,15,0.02430308610200882,0.9038750529289246,12.912489891052246,13.893181800842285
512,Gaussian,0,0,0.19561320543289185,0.7000012397766113,10.0,0.0
513,Bimodal,1,0,0.46357038617134094,0.7000012397766113,10.0,0.0
514,Soft Trimodal,2,0,0.3465878963470459,0.7000012397766113,10.0,0.0
515,Edgy Trimodal,3,0,0.4392934739589691,0.7000012397766113,10.0,0.0
516,Gaussian,0,1,0.15399928390979767,0.7155970335006714,10.222803115844727,1.6636601686477661
517,Bimodal,1,1,0.2033078372478485,0.7155970335006714,10.222803115844727,5.786644458770752
518,Soft Trimodal,2,1,0.21697647869586945,0.7155970335006714,10.222803115844727,3.169792890548706
519,Edgy Trimodal,3,1,0.24808776378631592,0.7155970335006714,10.222803115844727,3.9555065631866455
520,Gaussian,0,2,0.11914389580488205,0.7304760813713074,10.435343742370605,3.188563823699951
521,Bimodal,1,2,0.08349235355854034,0.7304739356040955,10.43533992767334,9.597005844116211
522,Soft Trimodal,2,2,0.1353226602077484,0.7304750680923462,10.435342788696289,5.630497455596924
523,Edgy Trimodal,3,2,0.1397683322429657,0.7304773926734924,10.435340881347656,6.908134460449219
524,Gaussian,0,3,0.09233406186103821,0.7453294992446899,10.647536277770996,4.511789321899414
525,Bimodal,1,3,0.04781835526227951,0.7453282475471497,10.64753246307373,11.587882995605469
526,Soft Trimodal,2,3,0.08858105540275574,0.7453280091285706,10.64753532409668,7.4077043533325195
527,Edgy Trimodal,3,3,0.08471955358982086,0.7453271150588989,10.647533416748047,8.930758476257324
528,Gaussian,0,4,0.0731084793806076,0.7598150372505188,10.854477882385254,5.5995259284973145
529,Bimodal,1,4,0.03544745221734047,0.7598140835762024,10.85446834564209,12.6903715133667
530,Soft Trimodal,2,4,0.060777198523283005,0.7598128914833069,10.854475021362305,8.733077049255371
531,Edgy Trimodal,3,4,0.06241970136761665,0.759813129901886,10.854471206665039,10.184709548950195
532,Gaussian,0,5,0.060390155762434006,0.7739235758781433,11.056061744689941,6.450678825378418
533,Bimodal,1,5,0.028725337237119675,0.7739236354827881,11.056051254272461,13.403363227844238
534,Soft Trimodal,2,5,0.045639533549547195,0.7739266753196716,11.05605697631836,9.657511711120605
535,Edgy Trimodal,3,5,0.05128362774848938,0.7739247679710388,11.056055068969727,11.003290176391602
536,Gaussian,0,6,0.051975004374980927,0.7880353331565857,11.257643699645996,7.0968918800354
537,Bimodal,1,6,0.020790500566363335,0.7880373597145081,11.257634162902832,13.995539665222168
538,Soft Trimodal,2,6,0.03660259023308754,0.7880362868309021,11.257640838623047,10.309672355651855
539,Edgy Trimodal,3,6,0.04466153308749199,0.7880344390869141,11.257637023925781,11.586599349975586
540,Gaussian,0,7,0.045963723212480545,0.8016936182975769,11.452741622924805,7.589578628540039
541,Bimodal,1,7,0.017813296988606453,0.8016915917396545,11.452728271484375,14.441652297973633
542,Soft Trimodal,2,7,0.031227754428982735,0.8016918897628784,11.452736854553223,10.785632133483887
543,Edgy Trimodal,3,7,0.0404900498688221,0.8016914129257202,11.452733039855957,12.027751922607422
544,Gaussian,0,8,0.04226311668753624,0.8150591850280762,11.643714904785156,7.959097385406494
545,Bimodal,1,8,0.016626574099063873,0.8150599598884583,11.643702507019043,14.74393367767334
546,Soft Trimodal,2,8,0.028254413977265358,0.8150599598884583,11.643709182739258,11.132309913635254
547,Edgy Trimodal,3,8,0.03769592568278313,0.8150597810745239,11.643706321716309,12.37576961517334
548,Gaussian,0,9,0.04074054956436157,0.8284295797348022,11.834688186645508,8.215948104858398
549,Bimodal,1,9,0.01591848023235798,0.8284282088279724,11.834675788879395,14.97103500366211
550,Soft Trimodal,2,9,0.02676534652709961,0.8284300565719604,11.834683418273926,11.380894660949707
551,Edgy Trimodal,3,9,0.03535871207714081,0.8284274935722351,11.83467960357666,12.665595054626465
552,Gaussian,0,10,0.04052209481596947,0.8416373133659363,12.023332595825195,8.383369445800781
553,Bimodal,1,10,0.015466545708477497,0.8416338562965393,12.023321151733398,15.152100563049316
554,Soft Trimodal,2,10,0.026048913598060608,0.8416345715522766,12.023327827453613,11.560176849365234
555,Edgy Trimodal,3,10,0.032163456082344055,0.8416330218315125,12.023324012756348,12.936100959777832
556,Gaussian,0,11,0.041097238659858704,0.8542620539665222,12.203696250915527,8.49057674407959
557,Bimodal,1,11,0.015165265649557114,0.8542602062225342,12.20368480682373,15.301787376403809
558,Soft Trimodal,2,11,0.025717727839946747,0.8542598485946655,12.203692436218262,11.693359375
559,Edgy Trimodal,3,11,0.027333520352840424,0.8542585968971252,12.203688621520996,13.231980323791504
560,Gaussian,0,12,0.042215876281261444,0.8668856620788574,12.38405990600586,8.557758331298828
561,Bimodal,1,12,0.01496897917240858,0.8668850660324097,12.384047508239746,15.42920207977295
562,Soft Trimodal,2,12,0.02560739405453205,0.8668856620788574,12.384056091308594,11.796985626220703
563,Edgy Trimodal,3,12,0.025288928300142288,0.8668853640556335,12.384051322937012,13.483043670654297
564,Gaussian,0,13,0.043601784855127335,0.8795127272605896,12.564423561096191,8.59893798828125
565,Bimodal,1,13,0.014843661338090897,0.8795103430747986,12.564412117004395,15.540462493896484
566,Soft Trimodal,2,13,0.02562526986002922,0.8795109391212463,12.56441879272461,11.882027626037598
567,Edgy Trimodal,3,13,0.02446521259844303,0.8795092105865479,12.564414978027344,13.660810470581055
568,Gaussian,0,14,0.04511496424674988,0.8919931054115295,12.742746353149414,8.624566078186035
569,Bimodal,1,14,0.014765914529561996,0.8919926285743713,12.742730140686035,15.639748573303223
570,Soft Trimodal,2,14,0.02571839466691017,0.8919932246208191,12.742738723754883,11.955463409423828
571,Edgy Trimodal,3,14,0.023990657180547714,0.8919931054115295,12.742734909057617,13.799276351928711
572,Gaussian,0,15,0.046664875000715256,0.9038763046264648,12.912500381469727,8.641403198242188
573,Bimodal,1,15,0.014716584235429764,0.9038767218589783,12.912485122680664,15.729541778564453
574,Soft Trimodal,2,15,0.025847945362329483,0.903875470161438,12.912493705749512,12.02125358581543
575,Edgy Trimodal,3,15,0.02370353229343891,0.903877317905426,12.91248893737793,13.914237976074219
576,Gaussian,0,0,0.16501343250274658,0.6999996900558472,10.0,0.0
577,Bimodal,1,0,0.39943262934684753,0.6999996900558472,10.0,0.0
578,Soft Trimodal,2,0,0.2861686050891876,0.6999996900558472,10.0,0.0
579,Edgy Trimodal,3,0,0.3453788459300995,0.6999996900558472,10.0,0.0
580,Gaussian,0,1,0.1300712525844574,0.7155981063842773,10.222803115844727,1.5763678550720215
581,Bimodal,1,1,0.14262504875659943,0.7155981063842773,10.222803115844727,5.676616668701172
582,Soft Trimodal,2,1,0.16562627255916595,0.7155981063842773,10.222803115844727,3.0820882320404053
583,Edgy Trimodal,3,1,0.18091903626918793,0.7155981063842773,10.222803115844727,3.7968976497650146
584,Gaussian,0,2,0.10036282986402512,0.7304751873016357,10.435343742370605,2.986870050430298
585,Bimodal,1,2,0.05212988704442978,0.7304745316505432,10.43533706665039,8.96449089050293
586,Soft Trimodal,2,2,0.09821917116641998,0.7304745316505432,10.435341835021973,5.3563337326049805
587,Edgy Trimodal,3,2,0.0964169055223465,0.7304750084877014,10.43533992767334,6.466001510620117
588,Gaussian,0,3,0.07820521295070648,0.745330810546875,10.64753532409668,4.188100337982178
589,Bimodal,1,3,0.030614623799920082,0.7453294396400452,10.647529602050781,10.555595397949219
590,Soft Trimodal,2,3,0.06837215274572372,0.7453281283378601,10.647534370422363,6.866217136383057
591,Edgy Trimodal,3,3,0.06275557726621628,0.7453287839889526,10.64753246307373,8.154272079467773
592,Gaussian,0,4,0.06507520377635956,0.7598133087158203,10.854476928710938,5.121783256530762
593,Bimodal,1,4,0.023513205349445343,0.7598100900650024,10.854466438293457,11.41679573059082
594,Soft Trimodal,2,4,0.05431804805994034,0.7598119974136353,10.854473114013672,7.838296413421631
595,Edgy Trimodal,3,4,0.04808272421360016,0.7598124146461487,10.854469299316406,9.199597358703613
596,Gaussian,0,5,0.05673479288816452,0.7739241123199463,11.056060791015625,5.813525199890137
597,Bimodal,1,5,0.02023848332464695,0.7739230394363403,11.056049346923828,11.95938491821289
598,Soft Trimodal,2,5,0.04580765590071678,0.7739236950874329,11.056056022644043,8.509861946105957
599,Edgy Trimodal,3,5,0.04015262424945831,0.7739236950874329,11.056053161621094,9.889328002929688
600,Gaussian,0,6,0.050745945423841476,0.7880340218544006,11.257643699645996,6.331097602844238
601,Bimodal,1,6,0.01845870539546013,0.7880321741104126,11.2576322555542,12.33360767364502
602,Soft Trimodal,2,6,0.04012363404035568,0.788032591342926,11.257638931274414,9.005561828613281
603,Edgy Trimodal,3,6,0.03538776934146881,0.7880343198776245,11.257636070251465,10.381278038024902
604,Gaussian,0,7,0.04646200314164162,0.8016913533210754,11.452741622924805,6.723318576812744
605,Bimodal,1,7,0.0173803623765707,0.8016920685768127,11.452727317810059,12.607306480407715
606,Soft Trimodal,2,7,0.0363239049911499,0.8016919493675232,11.452735900878906,9.381818771362305
607,Edgy Trimodal,3,7,0.03213176503777504,0.8016916513442993,11.452730178833008,10.753386497497559
608,Gaussian,0,8,0.0438079908490181,0.8150619268417358,11.64371395111084,7.018226146697998
609,Bimodal,1,8,0.016685063019394875,0.8150587677955627,11.643701553344727,12.815921783447266
610,Soft Trimodal,2,8,0.03406112268567085,0.8150588870048523,11.643709182739258,9.665346145629883
611,Edgy Trimodal,3,8,0.029688844457268715,0.815057635307312,11.643705368041992,11.046499252319336
612,Gaussian,0,9,0.04276632145047188,0.8284278512001038,11.834688186645508,7.22616720199585
613,Bimodal,1,9,0.01622108928859234,0.8284264206886292,11.834672927856445,12.98054027557373
614,Soft Trimodal,2,9,0.032779913395643234,0.828427255153656,11.834681510925293,9.87613582611084
615,Edgy Trimodal,3,9,0.02799530141055584,0.8284258842468262,11.834676742553711,11.281217575073242
616,Gaussian,0,10,0.04281735047698021,0.8416318893432617,12.023332595825195,7.359177112579346
617,Bimodal,1,10,0.015901492908596992,0.8416323065757751,12.023319244384766,13.114397048950195
618,Soft Trimodal,2,10,0.031880933791399,0.8416321277618408,12.023327827453613,10.036450386047363
619,Edgy Trimodal,3,10,0.027014872059226036,0.8416330814361572,12.023322105407715,11.468143463134766
620,Gaussian,0,11,0.04337969794869423,0.8542603850364685,12.203696250915527,7.439240455627441
621,Bimodal,1,11,0.015672892332077026,0.8542569875717163,12.203682899475098,13.225800514221191
622,Soft Trimodal,2,11,0.031096894294023514,0.8542584776878357,12.203691482543945,10.164865493774414
623,Edgy Trimodal,3,11,0.026482654735445976,0.8542608618736267,12.203685760498047,11.616927146911621
624,Gaussian,0,12,0.0442274808883667,0.8668816685676575,12.38405990600586,7.48671817779541
625,Bimodal,1,12,0.015515008009970188,0.8668845295906067,12.384045600891113,13.320698738098145
626,Soft Trimodal,2,12,0.030489597469568253,0.8668820858001709,12.384055137634277,10.272505760192871
627,Edgy Trimodal,3,12,0.026200775057077408,0.8668843507766724,12.384049415588379,11.737748146057129
628,Gaussian,0,13,0.045245490968227386,0.8795093297958374,12.564423561096191,7.51503324508667
629,Bimodal,1,13,0.01540753711014986,0.8795076608657837,12.564410209655762,13.403426170349121
630,Soft Trimodal,2,13,0.03018825687468052,0.8795104026794434,12.56441879272461,10.363351821899414
631,Edgy Trimodal,3,13,0.02605978399515152,0.8795105814933777,12.564412117004395,11.838829040527344
632,Gaussian,0,14,0.046364925801754,0.891991376876831,12.74274730682373,7.532021999359131
633,Bimodal,1,14,0.0153347784653306,0.8919893503189087,12.742728233337402,13.477066040039062
634,Soft Trimodal,2,14,0.03018098697066307,0.8919923305511475,12.742738723754883,10.438797950744629
635,Edgy Trimodal,3,14,0.026004428043961525,0.8919913172721863,12.742732048034668,11.925863265991211
636,Gaussian,0,15,0.047507867217063904,0.9038759469985962,12.912501335144043,7.542210102081299
637,Bimodal,1,15,0.015281925909221172,0.9038775563240051,12.912482261657715,13.543522834777832
638,Soft Trimodal,2,15,0.030336856842041016,0.9038779139518738,12.912493705749512,10.501132011413574
639,Edgy Trimodal,3,15,0.02599545754492283,0.9038727283477783,12.91248607635498,12.002321243286133
