,Name,N,Model Index,p,Tau,Lambda,MSE,NRMSE
0,Vanilla,50,0,1,1,0.2,0.048731960356235504,22.429595660078434
1,Vanilla,50,0,1,2,0.2,0.05055416747927666,22.381811714101
2,Vanilla,50,0,1,5,0.0,0.04566909745335579,21.944877927122953
3,Vanilla,50,0,1,10,0.05,0.0474795363843441,22.509638099557417
4,Vanilla,50,0,2,1,0.2,0.005621194373816252,22.412589949232146
5,Vanilla,50,0,2,2,0.2,0.005960726644843817,22.260664195170733
6,Vanilla,50,0,2,5,0.2,0.006722291000187397,22.478421863264572
7,Vanilla,50,0,2,10,0.2,0.005333229899406433,22.462207844510743
8,Vanilla,50,0,5,1,0.0,8.295641600852832e-05,22.537752480343606
9,Vanilla,50,0,5,2,0.1,7.043874938972294e-05,23.716157271418492
10,Vanilla,50,0,5,5,0.1,7.607747102156281e-05,22.523695611814503
11,Vanilla,50,0,5,10,0.05,3.2470590667799115e-05,22.723843136120262
12,Vanilla,50,0,10,1,0.1,1.7529504248159355e-07,22.574954497332673
13,Vanilla,50,0,10,2,0.2,2.8574760335686733e-07,22.509219167038328
14,Vanilla,50,0,10,5,0.2,4.770641908180551e-07,22.412280857867927
15,Vanilla,50,0,10,10,0.2,4.5141413806959463e-07,22.45903116910183
16,Gaussian,50,1,1,1,0.2,0.047677550464868546,22.368066832392095
17,Gaussian,50,1,1,2,0.0,0.039956845343112946,22.515122820345315
18,Gaussian,50,1,1,5,0.2,0.04697442427277565,22.400565603472355
19,Gaussian,50,1,1,10,0.0,0.04830101504921913,22.48520631824018
20,Gaussian,50,1,2,1,0.0,0.005053476896136999,22.61652497950199
21,Gaussian,50,1,2,2,0.2,0.007103947456926107,22.26439552526564
22,Gaussian,50,1,2,5,0.2,0.007004491984844208,22.373842006958565
23,Gaussian,50,1,2,10,0.2,0.0070144194178283215,22.403645681981093
24,Gaussian,50,1,5,1,0.2,0.00011210422235308215,22.437980795466743
25,Gaussian,50,1,5,2,0.2,9.277681238017976e-05,22.591707635905923
26,Gaussian,50,1,5,5,0.2,0.0001484220556449145,22.40381186612699
27,Gaussian,50,1,5,10,0.2,2.8840440791100264e-05,22.401180018269965
28,Gaussian,50,1,10,1,0.2,2.590873009467032e-07,22.533491512548466
29,Gaussian,50,1,10,2,0.2,9.714936055615908e-08,22.748083012898444
30,Gaussian,50,1,10,5,0.05,2.0116495136335288e-07,22.63488351328887
31,Gaussian,50,1,10,10,0.2,3.1081387419362727e-07,22.59543764768088
32,Hard Bimodal,50,2,1,1,0.0,0.042098723351955414,22.468734380427463
33,Hard Bimodal,50,2,1,2,0.0,8.708226232556626e-05,0.9416037071471052
34,Hard Bimodal,50,2,1,5,0.0,0.006347981281578541,8.281487688216298
35,Hard Bimodal,50,2,1,10,0.05,0.04481109604239464,22.457537786185927
36,Hard Bimodal,50,2,2,1,0.05,0.004729943349957466,22.396964603211302
37,Hard Bimodal,50,2,2,2,0.0,0.0007185330614447594,6.780816833443515
38,Hard Bimodal,50,2,2,5,0.0,0.0027403838466852903,13.681509440172288
39,Hard Bimodal,50,2,2,10,0.0,0.006267340388149023,22.379444554640287
40,Hard Bimodal,50,2,5,1,0.05,0.00010587263386696577,22.456213497787267
41,Hard Bimodal,50,2,5,2,0.0,4.4316846469882876e-05,13.924290440012104
42,Hard Bimodal,50,2,5,5,0.0,7.382090552709997e-05,16.592042307079677
43,Hard Bimodal,50,2,5,10,0.0,8.732122660148889e-05,22.625611017733448
44,Hard Bimodal,50,2,10,1,0.2,2.74347570439204e-07,22.3998265123461
45,Hard Bimodal,50,2,10,2,0.0,1.816081720562579e-07,19.577768040939798
46,Hard Bimodal,50,2,10,5,0.0,4.023191024771222e-07,20.230425380697866
47,Hard Bimodal,50,2,10,10,0.2,3.542802744505025e-07,22.341872599230225
48,Soft Trimodal,50,3,1,1,0.05,0.03928178921341896,22.502115785937775
49,Soft Trimodal,50,3,1,2,0.0,0.0003050239465665072,1.8026586580752246
50,Soft Trimodal,50,3,1,5,0.0,0.005380346439778805,8.201046518674604
51,Soft Trimodal,50,3,1,10,0.0,0.03989628329873085,21.58724449196468
52,Soft Trimodal,50,3,2,1,0.2,0.006134908180683851,22.305473524897916
53,Soft Trimodal,50,3,2,2,0.0,0.0011211904929950833,8.488480335188326
54,Soft Trimodal,50,3,2,5,0.0,0.0015762437833473086,11.621768625361861
55,Soft Trimodal,50,3,2,10,0.0,0.006181737873703241,22.22464705059312
56,Soft Trimodal,50,3,5,1,0.2,0.00012379589315969497,22.500955518990256
57,Soft Trimodal,50,3,5,2,0.0,3.726634167833254e-05,16.771913683985108
58,Soft Trimodal,50,3,5,5,0.0,7.667052705073729e-05,17.433368371134474
59,Soft Trimodal,50,3,5,10,0.0,9.548950038151816e-05,22.041348527752902
60,Soft Trimodal,50,3,10,1,0.2,1.3217245964369795e-07,22.73800175109529
61,Soft Trimodal,50,3,10,2,0.0,1.8945668500691681e-07,21.535206911445034
62,Soft Trimodal,50,3,10,5,0.0,2.2761071249988163e-07,20.865802497560153
63,Soft Trimodal,50,3,10,10,0.2,1.605424273520839e-07,22.417270051949483
64,Edgy trimodal,50,4,1,1,0.0,0.042589008808135986,22.3071946106292
65,Edgy trimodal,50,4,1,2,0.0,2.8589400244527496e-05,0.5689954573863942
66,Edgy trimodal,50,4,1,5,0.0,0.006653813645243645,9.011610806814511
67,Edgy trimodal,50,4,1,10,0.2,0.04723973944783211,22.324544439334662
68,Edgy trimodal,50,4,2,1,0.05,0.004754539579153061,22.386674105150913
69,Edgy trimodal,50,4,2,2,0.0,0.0005616758717224002,6.238519729709024
70,Edgy trimodal,50,4,2,5,0.0,0.002022488508373499,12.117848597778067
71,Edgy trimodal,50,4,2,10,0.15,0.006153877358883619,22.443676111816206
72,Edgy trimodal,50,4,5,1,0.15,5.682160553988069e-05,22.437283740688315
73,Edgy trimodal,50,4,5,2,0.0,3.474319601082243e-05,12.673643767200128
74,Edgy trimodal,50,4,5,5,0.0,3.764481516554952e-05,17.920316008097572
75,Edgy trimodal,50,4,5,10,0.05,0.00010589775047264993,22.35713036317881
76,Edgy trimodal,50,4,10,1,0.2,2.543635844176606e-07,22.418382921661983
77,Edgy trimodal,50,4,10,2,0.0,3.4188170161542075e-07,17.340027225741405
78,Edgy trimodal,50,4,10,5,0.0,2.4879099669306015e-07,21.78606222620827
79,Edgy trimodal,50,4,10,10,0.05,3.849299332614464e-07,22.454272108832654
80,Vanilla,100,0,1,1,0.2,0.0483798123896122,22.61871351717146
81,Vanilla,100,0,1,2,0.2,0.04994150251150131,22.488951280295396
82,Vanilla,100,0,1,5,0.2,0.04356756433844566,22.461112771055276
83,Vanilla,100,0,1,10,0.2,0.04788003861904144,22.325895674659535
84,Vanilla,100,0,2,1,0.0,0.007706806529313326,22.636100954145128
85,Vanilla,100,0,2,2,0.0,0.007635458372533321,22.052919723033202
86,Vanilla,100,0,2,5,0.2,0.005964139010757208,22.435729740619998
87,Vanilla,100,0,2,10,0.1,0.005698625463992357,22.66546014304792
88,Vanilla,100,0,5,1,0.2,0.00013180672249291092,22.45534577135114
89,Vanilla,100,0,5,2,0.2,8.982955478131771e-05,22.906184718102747
90,Vanilla,100,0,5,5,0.2,7.75978114688769e-05,22.24379000637383
91,Vanilla,100,0,5,10,0.2,9.916678391164169e-05,22.511660118893804
92,Vanilla,100,0,10,1,0.2,2.3212678001982567e-07,22.201493441549292
93,Vanilla,100,0,10,2,0.2,6.525798568191021e-08,23.15253454715123
94,Vanilla,100,0,10,5,0.2,5.245700549494359e-07,22.536297490711373
95,Vanilla,100,0,10,10,0.2,1.0729984722956942e-07,22.521214635151857
96,Gaussian,100,1,1,1,0.2,0.046177130192518234,22.556126420804794
97,Gaussian,100,1,1,2,0.2,0.04279719293117523,22.609117866324624
98,Gaussian,100,1,1,5,0.2,0.045634929090738297,22.40948522559525
99,Gaussian,100,1,1,10,0.05,0.050292350351810455,22.546443900721005
100,Gaussian,100,1,2,1,0.2,0.006098693236708641,22.23646871181403
101,Gaussian,100,1,2,2,0.2,0.008356871083378792,22.39861462259929
102,Gaussian,100,1,2,5,0.1,0.006820919923484325,22.540357550532764
103,Gaussian,100,1,2,10,0.2,0.005087668541818857,22.44855365129692
104,Gaussian,100,1,5,1,0.2,0.0001610780309420079,22.49930215389156
105,Gaussian,100,1,5,2,0.2,0.0001268202904611826,22.32960585427835
106,Gaussian,100,1,5,5,0.2,6.906445196364075e-05,22.573565445750784
107,Gaussian,100,1,5,10,0.2,9.834767843130976e-05,22.44568231943855
108,Gaussian,100,1,10,1,0.2,2.7458685281089856e-07,22.433098236408966
109,Gaussian,100,1,10,2,0.2,3.348961854499066e-07,22.15065161992983
110,Gaussian,100,1,10,5,0.15,3.96036654137788e-07,22.99729173720449
111,Gaussian,100,1,10,10,0.1,4.346386504039401e-07,22.449200737877756
112,Hard Bimodal,100,2,1,1,0.2,0.04230470210313797,22.347294708992113
113,Hard Bimodal,100,2,1,2,0.0,4.8858537411433645e-06,0.23167102607792261
114,Hard Bimodal,100,2,1,5,0.0,0.0007628014427609742,2.9663016412598564
115,Hard Bimodal,100,2,1,10,0.0,0.05371583625674248,22.465299168897058
116,Hard Bimodal,100,2,2,1,0.2,0.005980599671602249,22.40442482977693
117,Hard Bimodal,100,2,2,2,0.0,0.00013582149404101074,3.563983809000865
118,Hard Bimodal,100,2,2,5,0.0,0.000855489051900804,8.411681962165307
119,Hard Bimodal,100,2,2,10,0.2,0.005749076139181852,22.313799310033186
120,Hard Bimodal,100,2,5,1,0.2,0.0001052882507792674,22.329364632750835
121,Hard Bimodal,100,2,5,2,0.0,1.3874533578928094e-05,10.40076418783341
122,Hard Bimodal,100,2,5,5,0.0,4.11499640904367e-05,17.61198908198129
123,Hard Bimodal,100,2,5,10,0.2,6.306308932835236e-05,22.30947231405621
124,Hard Bimodal,100,2,10,1,0.2,4.009401664006873e-07,22.319073048146862
125,Hard Bimodal,100,2,10,2,0.0,2.5793281110964017e-07,16.789630523487833
126,Hard Bimodal,100,2,10,5,0.0,1.5002412112608e-07,20.991392278852956
127,Hard Bimodal,100,2,10,10,0.05,4.4515829245028726e-07,22.326957058108242
128,Soft Trimodal,100,3,1,1,0.2,0.05027928948402405,22.381684226580433
129,Soft Trimodal,100,3,1,2,0.0,3.766454028664157e-05,0.6561125656813087
130,Soft Trimodal,100,3,1,5,0.0,0.0009991968981921673,3.2646883118545285
131,Soft Trimodal,100,3,1,10,0.0,0.03980399668216705,20.036082715833032
132,Soft Trimodal,100,3,2,1,0.2,0.007529859431087971,22.350636094704118
133,Soft Trimodal,100,3,2,2,0.0,0.0005816089105792344,6.650569013760184
134,Soft Trimodal,100,3,2,5,0.0,0.0010078003397211432,8.013307470617383
135,Soft Trimodal,100,3,2,10,0.0,0.003886381397023797,20.46325143822037
136,Soft Trimodal,100,3,5,1,0.2,9.248328569810838e-05,22.55542286967988
137,Soft Trimodal,100,3,5,2,0.0,3.075101994909346e-05,14.038491332461675
138,Soft Trimodal,100,3,5,5,0.0,7.140251545934007e-05,16.60742084135743
139,Soft Trimodal,100,3,5,10,0.0,9.612677968107164e-05,21.68888248137777
140,Soft Trimodal,100,3,10,1,0.1,5.019516606807883e-07,22.256911672276097
141,Soft Trimodal,100,3,10,2,0.0,1.3275493415676465e-07,20.52969962991498
142,Soft Trimodal,100,3,10,5,0.0,1.0702525088390757e-07,20.770380880567117
143,Soft Trimodal,100,3,10,10,0.0,2.486742118890106e-07,22.062918424015567
144,Edgy trimodal,100,4,1,1,0.2,0.04319191724061966,22.36193261490244
145,Edgy trimodal,100,4,1,2,0.0,5.4328879741660785e-06,0.24057445645519188
146,Edgy trimodal,100,4,1,5,0.0,0.0007186919683590531,2.5879523503841577
147,Edgy trimodal,100,4,1,10,0.0,0.05264446511864662,22.300680326339332
148,Edgy trimodal,100,4,2,1,0.2,0.005092446226626635,22.338059262200073
149,Edgy trimodal,100,4,2,2,0.0,0.00025342663866467774,4.302538659089987
150,Edgy trimodal,100,4,2,5,0.0,0.0010021035559475422,7.729991063437287
151,Edgy trimodal,100,4,2,10,0.2,0.006812733132392168,22.373067250236247
152,Edgy trimodal,100,4,5,1,0.2,8.470795000903308e-05,22.487802547775413
153,Edgy trimodal,100,4,5,2,0.0,2.9207372790551744e-05,10.659807344166502
154,Edgy trimodal,100,4,5,5,0.0,3.7778565456392244e-05,18.744458816624313
155,Edgy trimodal,100,4,5,10,0.2,7.709713827352971e-05,22.37889499966989
156,Edgy trimodal,100,4,10,1,0.2,2.6587599677441176e-07,22.164739921794283
157,Edgy trimodal,100,4,10,2,0.0,1.2634512813747278e-07,16.25147416690733
158,Edgy trimodal,100,4,10,5,0.0,2.966688441574661e-07,19.839190390280468
159,Edgy trimodal,100,4,10,10,0.2,1.52530148511687e-07,22.355858825554545
160,Vanilla,150,0,1,1,0.05,0.0416460782289505,22.44921841014877
161,Vanilla,150,0,1,2,0.2,0.05118996277451515,22.415490026212552
162,Vanilla,150,0,1,5,0.0,0.052468813955783844,23.20330255613883
163,Vanilla,150,0,1,10,0.2,0.053706251084804535,22.314101559730535
164,Vanilla,150,0,2,1,0.2,0.006360823288559914,22.3960836801657
165,Vanilla,150,0,2,2,0.2,0.005620573181658983,22.44324778943303
166,Vanilla,150,0,2,5,0.0,0.012108982540667057,36.15480665064208
167,Vanilla,150,0,2,10,0.2,0.005142982583492994,22.32639595955802
168,Vanilla,150,0,5,1,0.15,7.129836012609303e-05,22.39214942145775
169,Vanilla,150,0,5,2,0.2,8.181509474525228e-05,22.439588359246297
170,Vanilla,150,0,5,5,0.2,7.692041981499642e-05,22.431797673726464
171,Vanilla,150,0,5,10,0.2,7.08410152583383e-05,22.32605696992236
172,Vanilla,150,0,10,1,0.05,7.307460236916086e-07,22.363467862212666
173,Vanilla,150,0,10,2,0.2,4.2263798150088405e-07,22.907632866681958
174,Vanilla,150,0,10,5,0.2,1.0388429672048005e-07,22.403927649434458
175,Vanilla,150,0,10,10,0.2,4.740110739476222e-07,22.306605653073234
176,Gaussian,150,1,1,1,0.2,0.04974234104156494,22.49734481403618
177,Gaussian,150,1,1,2,0.2,0.04515766724944115,22.192137499503623
178,Gaussian,150,1,1,5,0.2,0.04579589143395424,22.68619115327579
179,Gaussian,150,1,1,10,0.2,0.0434190034866333,22.59964507507875
180,Gaussian,150,1,2,1,0.2,0.00763891963288188,22.479081666047396
181,Gaussian,150,1,2,2,0.2,0.006205412559211254,22.271843292868898
182,Gaussian,150,1,2,5,0.2,0.008106826804578304,22.338570886866915
183,Gaussian,150,1,2,10,0.2,0.006118405144661665,22.721538472270645
184,Gaussian,150,1,5,1,0.2,8.359386993106455e-05,22.4812143528613
185,Gaussian,150,1,5,2,0.2,0.00011350931890774518,23.066642740637803
186,Gaussian,150,1,5,5,0.2,7.770165393594652e-05,22.799522742914764
187,Gaussian,150,1,5,10,0.2,9.890570800052956e-05,22.208433951411763
188,Gaussian,150,1,10,1,0.2,9.071410289607229e-08,22.913930648700095
189,Gaussian,150,1,10,2,0.2,2.3273940996659803e-07,22.775726192885294
190,Gaussian,150,1,10,5,0.2,5.508125511255457e-08,22.773043521463457
191,Gaussian,150,1,10,10,0.2,1.2238580211487715e-06,22.43904299730195
192,Hard Bimodal,150,2,1,1,0.2,0.050654031336307526,22.40867969741301
193,Hard Bimodal,150,2,1,2,0.0,1.1821497309938422e-06,0.10969806964599652
194,Hard Bimodal,150,2,1,5,0.0,0.00043815994285978377,2.179079798273214
195,Hard Bimodal,150,2,1,10,0.0,0.04285798594355583,22.118149898480223
196,Hard Bimodal,150,2,2,1,0.2,0.005823844578117132,22.391840729381762
197,Hard Bimodal,150,2,2,2,0.0,9.244330431101844e-05,2.7120214927969464
198,Hard Bimodal,150,2,2,5,0.0,0.0007930020801723003,7.444853409245628
199,Hard Bimodal,150,2,2,10,0.2,0.00707631278783083,22.27481101627008
200,Hard Bimodal,150,2,5,1,0.2,6.743554695276543e-05,22.43852414314846
201,Hard Bimodal,150,2,5,2,0.0,1.3416254660114646e-05,7.971334838511428
202,Hard Bimodal,150,2,5,5,0.0,4.5445183786796406e-05,14.375605562143123
203,Hard Bimodal,150,2,5,10,0.0,5.015434362576343e-05,22.324500011898362
204,Hard Bimodal,150,2,10,1,0.2,2.88943738269154e-07,22.460597144160385
205,Hard Bimodal,150,2,10,2,0.0,2.101996443570897e-07,15.773995664034663
206,Hard Bimodal,150,2,10,5,0.0,1.472803035085235e-07,19.85696917592198
207,Hard Bimodal,150,2,10,10,0.2,2.167035972888698e-07,22.34575561912045
208,Soft Trimodal,150,3,1,1,0.05,0.04988721385598183,22.40700794677757
209,Soft Trimodal,150,3,1,2,0.0,2.1894689780310728e-05,0.5183932237993168
210,Soft Trimodal,150,3,1,5,0.0,0.0006074518896639347,2.7322794704671645
211,Soft Trimodal,150,3,1,10,0.0,0.030034873634576797,17.434398525705582
212,Soft Trimodal,150,3,2,1,0.2,0.006149868480861187,22.382979520537404
213,Soft Trimodal,150,3,2,2,0.0,0.00041463004890829325,5.069573252999635
214,Soft Trimodal,150,3,2,5,0.0,0.0013017446035519242,8.88752228510084
215,Soft Trimodal,150,3,2,10,0.0,0.0040842690505087376,18.155280134917877
216,Soft Trimodal,150,3,5,1,0.2,9.909485379466787e-05,22.551519791842743
217,Soft Trimodal,150,3,5,2,0.0,3.111142723355442e-05,12.752987380758638
218,Soft Trimodal,150,3,5,5,0.0,5.164526737644337e-05,16.46919287533071
219,Soft Trimodal,150,3,5,10,0.0,6.419314013328403e-05,20.902701083775185
220,Soft Trimodal,150,3,10,1,0.2,2.1616071421703964e-07,22.302240315620832
221,Soft Trimodal,150,3,10,2,0.0,2.4393563080593594e-07,17.632340870686402
222,Soft Trimodal,150,3,10,5,0.0,1.6916416711865168e-07,19.89916981254534
223,Soft Trimodal,150,3,10,10,0.0,3.3844594327092636e-07,21.540027351893322
224,Edgy trimodal,150,4,1,1,0.2,0.04245569556951523,22.34416315723786
225,Edgy trimodal,150,4,1,2,0.0,9.896064057102194e-07,0.10499353549278424
226,Edgy trimodal,150,4,1,5,0.0,0.000452731444966048,2.074860152162428
227,Edgy trimodal,150,4,1,10,0.0,0.042394813150167465,21.93620831199918
228,Edgy trimodal,150,4,2,1,0.2,0.005583522841334343,22.439165398891916
229,Edgy trimodal,150,4,2,2,0.0,0.0001880333002191037,3.3837476323221276
230,Edgy trimodal,150,4,2,5,0.0,0.00079404964344576,7.826776018998021
231,Edgy trimodal,150,4,2,10,0.05,0.005073143169283867,22.259925257307973
232,Edgy trimodal,150,4,5,1,0.2,0.00010937859769910574,22.385606691865437
233,Edgy trimodal,150,4,5,2,0.0,2.1573710910161026e-05,9.240293203878995
234,Edgy trimodal,150,4,5,5,0.0,4.6299839596031234e-05,16.19384735443285
235,Edgy trimodal,150,4,5,10,0.2,9.177189349429682e-05,22.420453324920125
236,Edgy trimodal,150,4,10,1,0.05,2.5870596687127545e-07,22.507527766335063
237,Edgy trimodal,150,4,10,2,0.0,2.3562587614378572e-07,16.102381256475894
238,Edgy trimodal,150,4,10,5,0.05,3.4501775303397153e-07,21.71078077151958
239,Edgy trimodal,150,4,10,10,0.2,4.753842688387522e-07,22.37934364481354
240,Vanilla,200,0,1,1,0.2,0.04798201099038124,22.628624051515896
241,Vanilla,200,0,1,2,0.2,0.05603213980793953,22.421741615456916
242,Vanilla,200,0,1,5,0.2,0.052199676632881165,22.68021631100688
243,Vanilla,200,0,1,10,0.2,0.04760253056883812,22.411021300521355
244,Vanilla,200,0,2,1,0.2,0.00640321196988225,22.613050814489227
245,Vanilla,200,0,2,2,0.2,0.0078023336827754974,22.435296505659892
246,Vanilla,200,0,2,5,0.2,0.00754238897934556,22.532879351194083
247,Vanilla,200,0,2,10,0.2,0.006130640860646963,22.497565921941632
248,Vanilla,200,0,5,1,0.2,0.00016752256487961859,22.45957672508371
249,Vanilla,200,0,5,2,0.2,9.767572919372469e-05,22.602851944292894
250,Vanilla,200,0,5,5,0.2,4.583263216773048e-05,22.33420701476808
251,Vanilla,200,0,5,10,0.2,5.647791476803832e-05,22.61708900021729
252,Vanilla,200,0,10,1,0.2,5.981490289741487e-07,22.583625519423634
253,Vanilla,200,0,10,2,0.2,7.244462381095218e-07,22.505401641102605
254,Vanilla,200,0,10,5,0.2,1.7113458739004273e-07,22.127633665416177
255,Vanilla,200,0,10,10,0.2,1.1988358039616287e-07,22.58300660895267
256,Gaussian,200,1,1,1,0.2,0.04115105792880058,22.308519537282443
257,Gaussian,200,1,1,2,0.2,0.0530330054461956,22.881310764993746
258,Gaussian,200,1,1,5,0.2,0.04223666340112686,22.924653408213587
259,Gaussian,200,1,1,10,0.2,0.04273390397429466,22.404379198616297
260,Gaussian,200,1,2,1,0.2,0.005622386001050472,22.525183253754772
261,Gaussian,200,1,2,2,0.2,0.007673303596675396,22.375349159286877
262,Gaussian,200,1,2,5,0.2,0.006450229790061712,22.794766491335928
263,Gaussian,200,1,2,10,0.2,0.0075213233940303326,22.593729064003092
264,Gaussian,200,1,5,1,0.2,0.00012026522745145485,22.386484619151698
265,Gaussian,200,1,5,2,0.2,0.00016685447189956903,22.351182931065836
266,Gaussian,200,1,5,5,0.2,6.0621703596552834e-05,22.740963660818252
267,Gaussian,200,1,5,10,0.1,7.852235285099596e-05,22.533043905050935
268,Gaussian,200,1,10,1,0.2,1.275489864838164e-07,22.82730149096417
269,Gaussian,200,1,10,2,0.2,3.073381265039643e-07,22.59066544578099
270,Gaussian,200,1,10,5,0.2,2.3352855293978791e-07,23.330699372353266
271,Gaussian,200,1,10,10,0.2,1.4039980555935472e-07,22.91773272260001
272,Hard Bimodal,200,2,1,1,0.2,0.05017092078924179,22.306275939498786
273,Hard Bimodal,200,2,1,2,0.0,2.9555090463873057e-07,0.05697947505140161
274,Hard Bimodal,200,2,1,5,0.0,0.00036732148146256804,1.9287878866176835
275,Hard Bimodal,200,2,1,10,0.0,0.05139649286866188,22.266338393176664
276,Hard Bimodal,200,2,2,1,0.2,0.006850067060440779,22.544773566961076
277,Hard Bimodal,200,2,2,2,0.0,6.984566425671801e-05,2.1067421765415886
278,Hard Bimodal,200,2,2,5,0.0,0.000503838004078716,6.483538396709127
279,Hard Bimodal,200,2,2,10,0.0,0.005616317968815565,22.196477744623767
280,Hard Bimodal,200,2,5,1,0.2,6.530455721076578e-05,22.39369895049826
281,Hard Bimodal,200,2,5,2,0.0,1.80953175004106e-05,8.114831283235105
282,Hard Bimodal,200,2,5,5,0.0,3.3552045351825655e-05,15.30505439197804
283,Hard Bimodal,200,2,5,10,0.2,8.152138616424054e-05,22.33763233011132
284,Hard Bimodal,200,2,10,1,0.2,1.5661629504393204e-07,22.488523820235095
285,Hard Bimodal,200,2,10,2,0.0,7.014386937953532e-08,14.754863389823159
286,Hard Bimodal,200,2,10,5,0.0,2.3455135078620515e-07,17.981938943668677
287,Hard Bimodal,200,2,10,10,0.2,3.5066190662291774e-07,22.489261353381597
288,Soft Trimodal,200,3,1,1,0.2,0.04645117372274399,22.59088834207244
289,Soft Trimodal,200,3,1,2,0.0,2.869549825845752e-05,0.5322115554793663
290,Soft Trimodal,200,3,1,5,0.0,0.0005212269607000053,2.3852583542531454
291,Soft Trimodal,200,3,1,10,0.0,0.018355436623096466,14.468864423987343
292,Soft Trimodal,200,3,2,1,0.2,0.0057868375442922115,22.47199591905306
293,Soft Trimodal,200,3,2,2,0.0,0.000350335641996935,5.1435568197320904
294,Soft Trimodal,200,3,2,5,0.0,0.0010388129157945514,8.593710049623049
295,Soft Trimodal,200,3,2,10,0.0,0.002840348519384861,15.9478022768323
296,Soft Trimodal,200,3,5,1,0.2,0.00011764506052713841,22.60097716252932
297,Soft Trimodal,200,3,5,2,0.0,2.3982547645573504e-05,11.951338331544257
298,Soft Trimodal,200,3,5,5,0.2,6.223280070116743e-05,18.325396582669345
299,Soft Trimodal,200,3,5,10,0.0,6.372328789439052e-05,19.344493845502186
300,Soft Trimodal,200,3,10,1,0.2,9.413178503336894e-08,22.92639323652845
301,Soft Trimodal,200,3,10,2,0.0,4.253775500728807e-07,18.046107261808224
302,Soft Trimodal,200,3,10,5,0.2,3.268358170771535e-07,20.617869861292352
303,Soft Trimodal,200,3,10,10,0.05,6.073631766412291e-07,22.131710780468655
304,Edgy trimodal,200,4,1,1,0.15,0.04189368337392807,22.41344775755973
305,Edgy trimodal,200,4,1,2,0.0,1.6550337704757112e-06,0.12945257360586124
306,Edgy trimodal,200,4,1,5,0.0,0.00013206052244640887,1.1501125135528574
307,Edgy trimodal,200,4,1,10,0.0,0.036558717489242554,19.894635176073535
308,Edgy trimodal,200,4,2,1,0.1,0.006873735226690769,22.300312207692226
309,Edgy trimodal,200,4,2,2,0.0,7.798310252837837e-05,2.6871392651135046
310,Edgy trimodal,200,4,2,5,0.0,0.0007361312163993716,6.6486911030509654
311,Edgy trimodal,200,4,2,10,0.0,0.005198926664888859,20.873000728784255
312,Edgy trimodal,200,4,5,1,0.2,4.647089008358307e-05,22.386498251291517
313,Edgy trimodal,200,4,5,2,0.0,2.0611172658391297e-05,9.631238624719515
314,Edgy trimodal,200,4,5,5,0.0,3.890112566296011e-05,14.788114796464033
315,Edgy trimodal,200,4,5,10,0.2,0.00010316045518266037,22.320057505325018
316,Edgy trimodal,200,4,10,1,0.1,1.3989061642405431e-07,22.293969759701486
317,Edgy trimodal,200,4,10,2,0.0,2.0285179402890208e-07,15.382930540113387
318,Edgy trimodal,200,4,10,5,0.0,1.8350570485381468e-07,18.61363416179077
319,Edgy trimodal,200,4,10,10,0.2,3.1612700013283757e-07,22.522076436286977
320,Vanilla,250,0,1,1,0.2,0.04906832054257393,22.35591001606699
321,Vanilla,250,0,1,2,0.05,0.04656881093978882,22.60276080797605
322,Vanilla,250,0,1,5,0.1,0.04111922159790993,22.366406372799435
323,Vanilla,250,0,1,10,0.15,0.04275159537792206,22.340844025407325
324,Vanilla,250,0,2,1,0.2,0.006107722874730825,22.208670302859055
325,Vanilla,250,0,2,2,0.2,0.007058489602059126,22.91048892821119
326,Vanilla,250,0,2,5,0.2,0.007980061694979668,22.507573866315674
327,Vanilla,250,0,2,10,0.2,0.006077958270907402,22.26271773782839
328,Vanilla,250,0,5,1,0.2,7.597889634780586e-05,22.1596511791332
329,Vanilla,250,0,5,2,0.2,4.352320320322178e-05,22.201502376273364
330,Vanilla,250,0,5,5,0.1,4.81284259876702e-05,23.332786916965148
331,Vanilla,250,0,5,10,0.05,0.00012580715701915324,22.603345424189634
332,Vanilla,250,0,10,1,0.2,5.092629180580843e-07,22.271519915920297
333,Vanilla,250,0,10,2,0.2,2.9267386025821907e-07,22.407989902590757
334,Vanilla,250,0,10,5,0.2,1.0655060833641983e-07,22.366335421903116
335,Vanilla,250,0,10,10,0.05,6.484511771986945e-08,22.842293793360323
336,Gaussian,250,1,1,1,0.2,0.04972349479794502,22.64126255356647
337,Gaussian,250,1,1,2,0.2,0.045595526695251465,23.284242414650702
338,Gaussian,250,1,1,5,0.2,0.04518759995698929,22.934865524799246
339,Gaussian,250,1,1,10,0.2,0.04385653883218765,22.3893580906843
340,Gaussian,250,1,2,1,0.1,0.006943717133253813,22.255319023853954
341,Gaussian,250,1,2,2,0.2,0.004741626791656017,22.044540400620953
342,Gaussian,250,1,2,5,0.2,0.004969410598278046,22.50599421022375
343,Gaussian,250,1,2,10,0.2,0.0067131309770047665,22.726719608858808
344,Gaussian,250,1,5,1,0.2,9.28308509173803e-05,22.530511809595975
345,Gaussian,250,1,5,2,0.2,9.816019155550748e-05,22.049502772392977
346,Gaussian,250,1,5,5,0.2,8.51069125928916e-05,22.61194415149982
347,Gaussian,250,1,5,10,0.2,0.00013898444012738764,22.588112113186675
348,Gaussian,250,1,10,1,0.2,2.560524023920152e-07,22.53360662952948
349,Gaussian,250,1,10,2,0.05,1.5792942065218085e-07,22.459474816504574
350,Gaussian,250,1,10,5,0.2,2.2633004448380234e-07,22.8957705394195
351,Gaussian,250,1,10,10,0.2,4.02865396154084e-07,22.349606558731143
352,Hard Bimodal,250,2,1,1,0.2,0.05556634068489075,22.452702974243643
353,Hard Bimodal,250,2,1,2,0.0,1.8956478697873536e-07,0.04732675225202422
354,Hard Bimodal,250,2,1,5,0.0,0.00015500620065722615,1.3019917672068397
355,Hard Bimodal,250,2,1,10,0.0,0.03228163346648216,19.315191680091395
356,Hard Bimodal,250,2,2,1,0.2,0.007677534129470587,22.569431582194518
357,Hard Bimodal,250,2,2,2,0.0,7.020997145446017e-05,2.0455197805540624
358,Hard Bimodal,250,2,2,5,0.0,0.000553269637748599,5.462173431202024
359,Hard Bimodal,250,2,2,10,0.0,0.006263467948883772,21.660578571739492
360,Hard Bimodal,250,2,5,1,0.2,0.00010736307012848556,22.32575966630776
361,Hard Bimodal,250,2,5,2,0.0,2.152004890376702e-05,9.010527493598287
362,Hard Bimodal,250,2,5,5,0.0,2.569872776803095e-05,12.998501030993319
363,Hard Bimodal,250,2,5,10,0.2,0.00011589554924285039,22.51726293595545
364,Hard Bimodal,250,2,10,1,0.2,4.678307448102714e-07,22.201250828051965
365,Hard Bimodal,250,2,10,2,0.0,5.861257434958134e-08,14.321440324007273
366,Hard Bimodal,250,2,10,5,0.0,1.5237007744417497e-07,18.869751055136167
367,Hard Bimodal,250,2,10,10,0.05,7.76687102188589e-07,22.436081355308712
368,Soft Trimodal,250,3,1,1,0.2,0.041087761521339417,22.447599300492442
369,Soft Trimodal,250,3,1,2,0.05,8.570003410568461e-05,0.9418509924650748
370,Soft Trimodal,250,3,1,5,0.0,0.0002541733265388757,1.7243166164180508
371,Soft Trimodal,250,3,1,10,0.0,0.012328170239925385,11.92884776739217
372,Soft Trimodal,250,3,2,1,0.2,0.008089101873338223,22.385551479449028
373,Soft Trimodal,250,3,2,2,0.0,0.000479582988191396,6.172270556944584
374,Soft Trimodal,250,3,2,5,0.05,0.0011494894279167056,8.543377315761763
375,Soft Trimodal,250,3,2,10,0.0,0.0032881423830986023,15.905981874735494
376,Soft Trimodal,250,3,5,1,0.2,0.00011601472942857072,22.43787742871102
377,Soft Trimodal,250,3,5,2,0.0,0.00019146317208651453,30.724092315849017
378,Soft Trimodal,250,3,5,5,0.2,4.7536326746921986e-05,17.302853317015558
379,Soft Trimodal,250,3,5,10,0.0,7.219436520244926e-05,19.427154633610222
380,Soft Trimodal,250,3,10,1,0.05,5.121593744661368e-07,22.43351791026272
381,Soft Trimodal,250,3,10,2,0.05,3.8806032875982055e-07,19.737579689565617
382,Soft Trimodal,250,3,10,5,0.05,4.6420223043242004e-07,20.656883795590545
383,Soft Trimodal,250,3,10,10,0.0,1.6601245533820475e-07,19.77078736932662
384,Edgy trimodal,250,4,1,1,0.2,0.046510402113199234,22.38434767859215
385,Edgy trimodal,250,4,1,2,0.0,6.014195719217241e-07,0.08935454633893297
386,Edgy trimodal,250,4,1,5,0.0,9.229493298335001e-05,0.9985565556329375
387,Edgy trimodal,250,4,1,10,0.0,0.04325338453054428,20.397743309712137
388,Edgy trimodal,250,4,2,1,0.2,0.007630787789821625,22.46085937486413
389,Edgy trimodal,250,4,2,2,0.0,6.058922372176312e-05,2.379263113531041
390,Edgy trimodal,250,4,2,5,0.0,0.0005414015031419694,6.386396207451797
391,Edgy trimodal,250,4,2,10,0.0,0.0065582189708948135,20.87536840056661
392,Edgy trimodal,250,4,5,1,0.2,0.00011325179366394877,22.428956851997153
393,Edgy trimodal,250,4,5,2,0.0,1.593935303390026e-05,9.230551817363214
394,Edgy trimodal,250,4,5,5,0.0,5.3509065764956176e-05,13.955285736952863
395,Edgy trimodal,250,4,5,10,0.0,0.00016554859757889062,21.68309376393925
396,Edgy trimodal,250,4,10,1,0.2,1.6342531239388336e-07,22.33340013788205
397,Edgy trimodal,250,4,10,2,0.0,2.444847950755502e-07,16.229577950133304
398,Edgy trimodal,250,4,10,5,0.0,1.2151608075328113e-07,17.646787771499486
399,Edgy trimodal,250,4,10,10,0.2,3.7981305922585307e-07,22.362816247894838
400,Vanilla,50,0,1,1,0.05,0.047464560717344284,22.36283194144709
401,Vanilla,50,0,1,2,0.2,0.046146683394908905,22.340117984962195
402,Vanilla,50,0,1,5,0.2,0.042035944759845734,22.325597001964823
403,Vanilla,50,0,1,10,0.2,0.03759404271841049,22.32485952984573
404,Vanilla,50,0,2,1,0.2,0.007095651235431433,22.412750620592274
405,Vanilla,50,0,2,2,0.2,0.005880142096430063,22.632869131789693
406,Vanilla,50,0,2,5,0.2,0.00685157859697938,22.33395286194213
407,Vanilla,50,0,2,10,0.2,0.005668881349265575,22.391357580260948
408,Vanilla,50,0,5,1,0.05,4.2634786950657144e-05,22.49720305966527
409,Vanilla,50,0,5,2,0.2,0.00011607629130594432,22.41687457852099
410,Vanilla,50,0,5,5,0.2,9.156688611255959e-05,22.513911714829234
411,Vanilla,50,0,5,10,0.05,0.00013120270159561187,22.350552805095433
412,Vanilla,50,0,10,1,0.15,2.5354052013426553e-07,22.40037351024392
413,Vanilla,50,0,10,2,0.2,4.517479510468547e-07,22.5329057611533
414,Vanilla,50,0,10,5,0.2,1.0250825255297968e-07,22.461197009370405
415,Vanilla,50,0,10,10,0.2,3.7622743320753216e-07,22.42533047197619
416,Gaussian,50,1,1,1,0.2,0.04826509207487106,22.431174574093028
417,Gaussian,50,1,1,2,0.05,0.0502958744764328,22.434858501371533
418,Gaussian,50,1,1,5,0.0,0.046903397887945175,22.484110328966906
419,Gaussian,50,1,1,10,0.2,0.04241642355918884,22.44340484192266
420,Gaussian,50,1,2,1,0.1,0.0071607474237680435,22.626379150170397
421,Gaussian,50,1,2,2,0.05,0.005773924756795168,22.901136131921763
422,Gaussian,50,1,2,5,0.2,0.0060029057785868645,22.406359641686066
423,Gaussian,50,1,2,10,0.2,0.0067798905074596405,22.462622219426127
424,Gaussian,50,1,5,1,0.2,5.969541234662756e-05,22.46015080144026
425,Gaussian,50,1,5,2,0.2,9.330430475529283e-05,22.533456300177992
426,Gaussian,50,1,5,5,0.05,0.00010848773672478274,22.52490822353147
427,Gaussian,50,1,5,10,0.2,0.00012304434494581074,22.50822603533678
428,Gaussian,50,1,10,1,0.2,1.38680604777619e-07,22.752701483663156
429,Gaussian,50,1,10,2,0.2,4.821708898816723e-07,22.2006061368107
430,Gaussian,50,1,10,5,0.2,3.328031255023234e-07,22.688920410081217
431,Gaussian,50,1,10,10,0.2,2.3303532259433268e-07,22.371130241043225
432,Hard Bimodal,50,2,1,1,0.05,0.04840615764260292,22.405643215502444
433,Hard Bimodal,50,2,1,2,0.0,3.140553235425614e-05,0.5653559977686198
434,Hard Bimodal,50,2,1,5,0.0,0.0035418446641415358,6.107246984424305
435,Hard Bimodal,50,2,1,10,0.05,0.043240174651145935,22.447372262346768
436,Hard Bimodal,50,2,2,1,0.05,0.006073553580790758,22.290794436304026
437,Hard Bimodal,50,2,2,2,0.0,0.001039154245518148,7.824832551279702
438,Hard Bimodal,50,2,2,5,0.0,0.0013012783601880074,9.64871385927594
439,Hard Bimodal,50,2,2,10,0.0,0.006968314293771982,22.566359255944665
440,Hard Bimodal,50,2,5,1,0.15,0.0001368586963508278,22.334267136518957
441,Hard Bimodal,50,2,5,2,0.0,4.025221642223187e-05,12.43124032765775
442,Hard Bimodal,50,2,5,5,0.0,8.905865979613736e-05,17.216524676131016
443,Hard Bimodal,50,2,5,10,0.1,8.080145926214755e-05,22.389498483306507
444,Hard Bimodal,50,2,10,1,0.05,5.874288149243512e-07,22.393745966194167
445,Hard Bimodal,50,2,10,2,0.0,1.0209659961901707e-07,18.093872280728856
446,Hard Bimodal,50,2,10,5,0.0,4.051939015425887e-07,20.13790574520435
447,Hard Bimodal,50,2,10,10,0.2,6.05207787884865e-07,22.422582741443392
448,Soft Trimodal,50,3,1,1,0.2,0.042450033128261566,22.36192647370155
449,Soft Trimodal,50,3,1,2,0.0,0.0001883131917566061,1.5392163969445378
450,Soft Trimodal,50,3,1,5,0.0,0.0047073704190552235,7.565494165309496
451,Soft Trimodal,50,3,1,10,0.0,0.046596135944128036,22.624516434533675
452,Soft Trimodal,50,3,2,1,0.0,0.006989031098783016,22.408760728185012
453,Soft Trimodal,50,3,2,2,0.0,0.0009590054978616536,8.17885779952098
454,Soft Trimodal,50,3,2,5,0.0,0.0015453683445230126,10.31165657062282
455,Soft Trimodal,50,3,2,10,0.0,0.007630560547113419,22.21269132738893
456,Soft Trimodal,50,3,5,1,0.2,0.00013195489009376615,22.403727412042958
457,Soft Trimodal,50,3,5,2,0.0,5.964669253444299e-05,16.03692467029946
458,Soft Trimodal,50,3,5,5,0.0,4.5370066800387576e-05,18.973989250192123
459,Soft Trimodal,50,3,5,10,0.2,7.241029379656538e-05,22.34239164905157
460,Soft Trimodal,50,3,10,1,0.2,1.3456664760269632e-07,22.75063851267421
461,Soft Trimodal,50,3,10,2,0.05,3.4088736811099807e-07,20.343187456219987
462,Soft Trimodal,50,3,10,5,0.0,2.895115471801546e-07,20.72182528081805
463,Soft Trimodal,50,3,10,10,0.2,6.552589297825762e-07,22.44090818909882
464,Edgy trimodal,50,4,1,1,0.05,0.045184068381786346,22.360602664366446
465,Edgy trimodal,50,4,1,2,0.0,2.0256478819646873e-05,0.4866103919634457
466,Edgy trimodal,50,4,1,5,0.0,0.005525757092982531,7.118059760198411
467,Edgy trimodal,50,4,1,10,0.2,0.04211732745170593,22.4060654466336
468,Edgy trimodal,50,4,2,1,0.2,0.005181238520890474,22.429267074168408
469,Edgy trimodal,50,4,2,2,0.0,0.0007424342911690474,7.121060269308979
470,Edgy trimodal,50,4,2,5,0.0,0.0013956157490611076,11.066842643840005
471,Edgy trimodal,50,4,2,10,0.05,0.006571114528924227,22.269989977844205
472,Edgy trimodal,50,4,5,1,0.0,8.041866385610774e-05,22.251232327399098
473,Edgy trimodal,50,4,5,2,0.0,4.086971239303239e-05,16.056214761602533
474,Edgy trimodal,50,4,5,5,0.0,6.463813770096749e-05,17.299551297581573
475,Edgy trimodal,50,4,5,10,0.05,7.760281732771546e-05,22.432144588510564
476,Edgy trimodal,50,4,10,1,0.2,3.030973232398537e-07,22.37322274933601
477,Edgy trimodal,50,4,10,2,0.0,1.347535913964748e-07,19.84437206825157
478,Edgy trimodal,50,4,10,5,0.0,2.1375042535964894e-07,19.866500092561207
479,Edgy trimodal,50,4,10,10,0.2,4.1881372681018547e-07,22.40644068084833
480,Vanilla,100,0,1,1,0.2,0.03916318714618683,22.485420759428
481,Vanilla,100,0,1,2,0.2,0.0412653423845768,22.5038367496974
482,Vanilla,100,0,1,5,0.2,0.05192463472485542,22.362733685982047
483,Vanilla,100,0,1,10,0.2,0.03978656604886055,22.446557897053644
484,Vanilla,100,0,2,1,0.05,0.006413575727492571,22.42179469715585
485,Vanilla,100,0,2,2,0.2,0.006196711678057909,22.38682814654391
486,Vanilla,100,0,2,5,0.2,0.007351008243858814,22.44411938288172
487,Vanilla,100,0,2,10,0.2,0.006832655984908342,22.397284125126436
488,Vanilla,100,0,5,1,0.2,7.11639440851286e-05,22.352602868133026
489,Vanilla,100,0,5,2,0.2,7.371369429165497e-05,22.404776254705993
490,Vanilla,100,0,5,5,0.2,6.332002521958202e-05,22.242984651591556
491,Vanilla,100,0,5,10,0.2,8.457277726847678e-05,22.383904587232152
492,Vanilla,100,0,10,1,0.2,2.2639464702933765e-07,22.588676843347933
493,Vanilla,100,0,10,2,0.2,2.7365305754756264e-07,22.264305744907798
494,Vanilla,100,0,10,5,0.2,3.388673803783604e-07,22.337680830007425
495,Vanilla,100,0,10,10,0.2,2.645477650276007e-07,22.34445543576086
496,Gaussian,100,1,1,1,0.2,0.04527122899889946,22.55611153821973
497,Gaussian,100,1,1,2,0.2,0.05159521847963333,22.379727508822366
498,Gaussian,100,1,1,5,0.2,0.046215277165174484,22.34011661891842
499,Gaussian,100,1,1,10,0.2,0.04411192238330841,22.302503039921397
500,Gaussian,100,1,2,1,0.2,0.007861888036131859,22.298897836587408
501,Gaussian,100,1,2,2,0.2,0.006322118453681469,22.52350863347248
502,Gaussian,100,1,2,5,0.2,0.006615052931010723,22.30794019080741
503,Gaussian,100,1,2,10,0.2,0.007927706465125084,22.361660353376394
504,Gaussian,100,1,5,1,0.2,8.274535503005609e-05,22.65475479980003
505,Gaussian,100,1,5,2,0.2,0.0001120010856539011,22.182231438734078
506,Gaussian,100,1,5,5,0.2,0.00013428903184831142,22.5463004247215
507,Gaussian,100,1,5,10,0.2,9.68943495536223e-05,22.644028222914674
508,Gaussian,100,1,10,1,0.1,3.329028857024241e-07,22.597193369827135
509,Gaussian,100,1,10,2,0.2,2.1103032565861213e-07,22.496014729523484
510,Gaussian,100,1,10,5,0.2,3.109400950052077e-07,22.482626756217233
511,Gaussian,100,1,10,10,0.2,1.806295273354408e-07,22.383952986868948
512,Hard Bimodal,100,2,1,1,0.2,0.03776639699935913,22.299548581604952
513,Hard Bimodal,100,2,1,2,0.0,2.6860345769819105e-06,0.1770919255434791
514,Hard Bimodal,100,2,1,5,0.0,0.0012916747946292162,3.616278449697234
515,Hard Bimodal,100,2,1,10,0.2,0.041198790073394775,22.406406630815855
516,Hard Bimodal,100,2,2,1,0.2,0.005435019265860319,22.568261253708158
517,Hard Bimodal,100,2,2,2,0.0,0.00014710491814184934,3.036363987359373
518,Hard Bimodal,100,2,2,5,0.0,0.0008851414895616472,8.30065441079563
519,Hard Bimodal,100,2,2,10,0.2,0.005989429075270891,22.418461875457204
520,Hard Bimodal,100,2,5,1,0.2,6.171222048578784e-05,22.403975324740085
521,Hard Bimodal,100,2,5,2,0.0,2.2587229977943935e-05,9.36257844084818
522,Hard Bimodal,100,2,5,5,0.0,6.0765742091462016e-05,16.61493027981535
523,Hard Bimodal,100,2,5,10,0.2,0.0001371753605781123,22.419590339831355
524,Hard Bimodal,100,2,10,1,0.2,4.529240982265037e-07,22.381513105825753
525,Hard Bimodal,100,2,10,2,0.0,1.5247400142470724e-07,15.95577517623664
526,Hard Bimodal,100,2,10,5,0.0,2.301438115637211e-07,19.407405800424325
527,Hard Bimodal,100,2,10,10,0.2,3.161615325097955e-07,22.48368413419148
528,Soft Trimodal,100,3,1,1,0.2,0.04153083637356758,22.357503006235472
529,Soft Trimodal,100,3,1,2,0.0,8.517710375599563e-05,0.9087777893560894
530,Soft Trimodal,100,3,1,5,0.0,0.0017101851990446448,4.171661485787402
531,Soft Trimodal,100,3,1,10,0.0,0.03702141344547272,21.133089762506483
532,Soft Trimodal,100,3,2,1,0.2,0.006184292025864124,22.545834121417393
533,Soft Trimodal,100,3,2,2,0.0,0.0008584386669099331,7.587156596574719
534,Soft Trimodal,100,3,2,5,0.0,0.0014668323565274477,9.467396655167118
535,Soft Trimodal,100,3,2,10,0.0,0.006774784065783024,21.325175791973997
536,Soft Trimodal,100,3,5,1,0.2,0.0001566734426887706,22.283681001235944
537,Soft Trimodal,100,3,5,2,0.0,5.225414133747108e-05,15.754861717089407
538,Soft Trimodal,100,3,5,5,0.0,5.329621126293205e-05,17.111811327678392
539,Soft Trimodal,100,3,5,10,0.0,6.974139978410676e-05,21.628622291909714
540,Soft Trimodal,100,3,10,1,0.05,3.704443258811807e-07,22.405830496421572
541,Soft Trimodal,100,3,10,2,0.2,3.1414569434673467e-07,19.735294323648066
542,Soft Trimodal,100,3,10,5,0.05,1.036653216601735e-07,20.230976729599433
543,Soft Trimodal,100,3,10,10,0.05,3.4792807923622604e-07,22.58749940552365
544,Edgy trimodal,100,4,1,1,0.2,0.04350467398762703,22.296800406103323
545,Edgy trimodal,100,4,1,2,0.0,7.251091574289603e-06,0.3029244103331752
546,Edgy trimodal,100,4,1,5,0.0,0.0016774666728451848,3.951024156902579
547,Edgy trimodal,100,4,1,10,0.0,0.05032617226243019,22.347756278726493
548,Edgy trimodal,100,4,2,1,0.2,0.006301137153059244,22.327604935117243
549,Edgy trimodal,100,4,2,2,0.0,0.0003693222242873162,5.005198827675623
550,Edgy trimodal,100,4,2,5,0.0,0.0009175966260954738,8.170167237604728
551,Edgy trimodal,100,4,2,10,0.05,0.007217888720333576,22.45762679404712
552,Edgy trimodal,100,4,5,1,0.2,5.6370980018982664e-05,22.457249697254642
553,Edgy trimodal,100,4,5,2,0.0,1.7508145901956595e-05,14.115222889204196
554,Edgy trimodal,100,4,5,5,0.0,6.413403752958402e-05,17.097897655795197
555,Edgy trimodal,100,4,5,10,0.05,0.00010683542495826259,22.328155752471826
556,Edgy trimodal,100,4,10,1,0.2,4.380557925287576e-07,22.4273771014879
557,Edgy trimodal,100,4,10,2,0.0,1.738909247706033e-07,16.048990587477867
558,Edgy trimodal,100,4,10,5,0.0,1.4943672965728183e-07,20.196244840664377
559,Edgy trimodal,100,4,10,10,0.2,2.3748886235352984e-07,22.343499370316373
560,Vanilla,150,0,1,1,0.05,0.049400486052036285,22.4446442262594
561,Vanilla,150,0,1,2,0.2,0.04452147334814072,22.418078674695646
562,Vanilla,150,0,1,5,0.2,0.03964749723672867,22.32104533711193
563,Vanilla,150,0,1,10,0.2,0.04089398682117462,22.46293537310233
564,Vanilla,150,0,2,1,0.2,0.00598642835393548,22.439605359093886
565,Vanilla,150,0,2,2,0.2,0.0061765373684465885,22.38911206071352
566,Vanilla,150,0,2,5,0.2,0.007271421607583761,22.3007145378009
567,Vanilla,150,0,2,10,0.2,0.005936582572758198,22.324658583265613
568,Vanilla,150,0,5,1,0.2,0.00013653349014930427,22.40910595684612
569,Vanilla,150,0,5,2,0.2,7.158789230743423e-05,21.81908590582165
570,Vanilla,150,0,5,5,0.2,0.0001177429294330068,22.55827076338043
571,Vanilla,150,0,5,10,0.2,0.0001306382182519883,22.39649246547011
572,Vanilla,150,0,10,1,0.2,3.1774223430147686e-07,22.345927013698994
573,Vanilla,150,0,10,2,0.2,3.407836572932865e-07,22.46348015499442
574,Vanilla,150,0,10,5,0.2,2.547665758356743e-07,22.137100272982767
575,Vanilla,150,0,10,10,0.2,2.3833128182104701e-07,22.410302980716256
576,Gaussian,150,1,1,1,0.2,0.047773897647857666,22.3673464509284
577,Gaussian,150,1,1,2,0.2,0.04916003346443176,22.672752610512468
578,Gaussian,150,1,1,5,0.2,0.04727515950798988,22.429555522513148
579,Gaussian,150,1,1,10,0.2,0.04583131894469261,22.49822448506701
580,Gaussian,150,1,2,1,0.2,0.007491332478821278,22.621726120607622
581,Gaussian,150,1,2,2,0.2,0.005242315120995045,22.369317212178437
582,Gaussian,150,1,2,5,0.0,0.006982118356972933,23.623146266972594
583,Gaussian,150,1,2,10,0.2,0.0067518241703510284,22.793704800133412
584,Gaussian,150,1,5,1,0.2,7.947973062982783e-05,22.499641246054832
585,Gaussian,150,1,5,2,0.2,6.461155862780288e-05,22.116639707539772
586,Gaussian,150,1,5,5,0.2,0.00011331373389111832,22.471109788937536
587,Gaussian,150,1,5,10,0.2,8.614517719252035e-05,22.352370769202675
588,Gaussian,150,1,10,1,0.2,2.594879617845436e-07,22.384342225213338
589,Gaussian,150,1,10,2,0.2,3.618443145114725e-07,22.454136198524203
590,Gaussian,150,1,10,5,0.2,1.729375043169057e-07,22.02060151015727
591,Gaussian,150,1,10,10,0.2,2.683436264305783e-07,22.40897385814442
592,Hard Bimodal,150,2,1,1,0.2,0.04937576502561569,22.31583086898283
593,Hard Bimodal,150,2,1,2,0.0,9.117849799622491e-07,0.09564807826844575
594,Hard Bimodal,150,2,1,5,0.0,0.0002557966217864305,1.6666915255917911
595,Hard Bimodal,150,2,1,10,0.0,0.044408928602933884,22.174877433911206
596,Hard Bimodal,150,2,2,1,0.2,0.0060976468957960606,22.52839327200164
597,Hard Bimodal,150,2,2,2,0.0,0.00010715358075685799,2.7743204779787916
598,Hard Bimodal,150,2,2,5,0.0,0.000739318085834384,7.143484131679077
599,Hard Bimodal,150,2,2,10,0.0,0.0067139556631445885,21.943528958095268
600,Hard Bimodal,150,2,5,1,0.05,9.414103988092393e-05,22.466622921743546
601,Hard Bimodal,150,2,5,2,0.0,1.4107026800047606e-05,8.84356753966482
602,Hard Bimodal,150,2,5,5,0.0,4.7862962674116716e-05,15.94837347365173
603,Hard Bimodal,150,2,5,10,0.05,0.00010442845814395696,22.41783772450384
604,Hard Bimodal,150,2,10,1,0.05,1.5197417724266415e-07,22.16945307530619
605,Hard Bimodal,150,2,10,2,0.0,1.1579577829934351e-07,14.87122611249211
606,Hard Bimodal,150,2,10,5,0.0,1.4642621692928515e-07,19.47984171902938
607,Hard Bimodal,150,2,10,10,0.2,5.178111450732104e-07,22.365873553355513
608,Soft Trimodal,150,3,1,1,0.2,0.04249173775315285,22.533974999916794
609,Soft Trimodal,150,3,1,2,0.0,4.0038667066255584e-05,0.65183039127646
610,Soft Trimodal,150,3,1,5,0.0,0.0012114166747778654,3.7030393695185837
611,Soft Trimodal,150,3,1,10,0.0,0.025897661224007607,16.5674668260193
612,Soft Trimodal,150,3,2,1,0.2,0.008282991126179695,22.438241250377807
613,Soft Trimodal,150,3,2,2,0.0,0.000594250624999404,6.851326428373195
614,Soft Trimodal,150,3,2,5,0.0,0.0010249564656987786,8.62884037930381
615,Soft Trimodal,150,3,2,10,0.0,0.004402315244078636,17.84105698127172
616,Soft Trimodal,150,3,5,1,0.2,0.0001153218254330568,22.183947641458776
617,Soft Trimodal,150,3,5,2,0.0,4.1498380596749485e-05,14.08513207018558
618,Soft Trimodal,150,3,5,5,0.0,5.903417695662938e-05,16.295979871150355
619,Soft Trimodal,150,3,5,10,0.0,4.381699545774609e-05,21.252381673747546
620,Soft Trimodal,150,3,10,1,0.2,3.4428666140229325e-07,22.61923565855716
621,Soft Trimodal,150,3,10,2,0.0,3.6609182529900863e-07,18.148904965998465
622,Soft Trimodal,150,3,10,5,0.2,4.846741035180457e-07,21.19237432984629
623,Soft Trimodal,150,3,10,10,0.05,1.29618626942829e-07,22.414204099413308
624,Edgy trimodal,150,4,1,1,0.2,0.05030069500207901,22.52167873813126
625,Edgy trimodal,150,4,1,2,0.0,1.8762109448289266e-06,0.14312233336225824
626,Edgy trimodal,150,4,1,5,0.0,0.0003537511802278459,2.0095024863420163
627,Edgy trimodal,150,4,1,10,0.2,0.03947563096880913,22.40721700754999
628,Edgy trimodal,150,4,2,1,0.05,0.006598909385502338,22.508285014347702
629,Edgy trimodal,150,4,2,2,0.0,0.0001378850283799693,3.2218621772636746
630,Edgy trimodal,150,4,2,5,0.0,0.0008434719638898969,7.344482385354945
631,Edgy trimodal,150,4,2,10,0.2,0.005234097130596638,22.555193534330265
632,Edgy trimodal,150,4,5,1,0.2,9.83637582976371e-05,22.425483567415483
633,Edgy trimodal,150,4,5,2,0.0,1.6734895325498655e-05,10.754064811648874
634,Edgy trimodal,150,4,5,5,0.0,4.558170257951133e-05,14.799559014426219
635,Edgy trimodal,150,4,5,10,0.2,7.916061440482736e-05,22.332561802229286
636,Edgy trimodal,150,4,10,1,0.1,4.6969466893642675e-07,22.37751150687302
637,Edgy trimodal,150,4,10,2,0.0,1.179413686713815e-07,16.25659984665363
638,Edgy trimodal,150,4,10,5,0.0,7.183854222603259e-08,21.118045181204405
639,Edgy trimodal,150,4,10,10,0.2,2.331821917778143e-07,22.368720340202813
640,Vanilla,200,0,1,1,0.2,0.04433099925518036,22.540279023712127
641,Vanilla,200,0,1,2,0.2,0.043151333928108215,22.29220042317562
642,Vanilla,200,0,1,5,0.2,0.04726065322756767,22.56248579790931
643,Vanilla,200,0,1,10,0.15,0.040242187678813934,22.6779435473139
644,Vanilla,200,0,2,1,0.2,0.006095395889133215,22.292936237820168
645,Vanilla,200,0,2,2,0.2,0.00599212059751153,22.131732153521884
646,Vanilla,200,0,2,5,0.05,0.005950234830379486,22.371568810980893
647,Vanilla,200,0,2,10,0.2,0.006606365088373423,22.450806818612122
648,Vanilla,200,0,5,1,0.2,0.00012016349501209334,22.421169958427402
649,Vanilla,200,0,5,2,0.2,6.814987864345312e-05,22.51584660608328
650,Vanilla,200,0,5,5,0.2,0.00013874062278773636,22.648698903286228
651,Vanilla,200,0,5,10,0.2,0.00012827500177081674,22.468402292163542
652,Vanilla,200,0,10,1,0.2,2.4899134132283507e-07,22.79818418533453
653,Vanilla,200,0,10,2,0.2,2.724583225699462e-07,22.57716869190152
654,Vanilla,200,0,10,5,0.2,2.4516472763025376e-07,22.582935662891504
655,Vanilla,200,0,10,10,0.2,5.614429596789705e-07,22.384796896109602
656,Gaussian,200,1,1,1,0.2,0.05457045137882233,22.41023693499071
657,Gaussian,200,1,1,2,0.2,0.03873876482248306,22.247645564290547
658,Gaussian,200,1,1,5,0.2,0.04953298345208168,22.54910954580233
659,Gaussian,200,1,1,10,0.2,0.051161907613277435,22.42012188268331
660,Gaussian,200,1,2,1,0.2,0.008672244846820831,22.514530491483786
661,Gaussian,200,1,2,2,0.2,0.0052934973500669,22.475960329307608
662,Gaussian,200,1,2,5,0.2,0.006996604148298502,22.901232077424623
663,Gaussian,200,1,2,10,0.2,0.004920072853565216,22.41268049721658
664,Gaussian,200,1,5,1,0.2,0.00010153332550544292,22.72218315703566
665,Gaussian,200,1,5,2,0.2,8.688886009622365e-05,22.46974012291656
666,Gaussian,200,1,5,5,0.2,9.822459833230823e-05,22.84905434953422
667,Gaussian,200,1,5,10,0.2,0.00011023337719962001,22.626097931751012
668,Gaussian,200,1,10,1,0.2,3.885041337525763e-07,22.372831953490838
669,Gaussian,200,1,10,2,0.2,3.4786955893650884e-07,22.674611363555524
670,Gaussian,200,1,10,5,0.1,2.878047951071494e-07,22.226307116283255
671,Gaussian,200,1,10,10,0.2,3.4980115515281796e-07,22.440058910272146
672,Hard Bimodal,200,2,1,1,0.2,0.044507306069135666,22.254776688370043
673,Hard Bimodal,200,2,1,2,0.0,3.2098145652526e-07,0.060424654411360246
674,Hard Bimodal,200,2,1,5,0.0,0.00031015690183267,1.9610920271456733
675,Hard Bimodal,200,2,1,10,0.0,0.04896322637796402,22.195911285261598
676,Hard Bimodal,200,2,2,1,0.2,0.007175101898610592,22.51707658185158
677,Hard Bimodal,200,2,2,2,0.0,7.092150917742401e-05,2.2594564716006604
678,Hard Bimodal,200,2,2,5,0.0,0.0006419052369892597,6.710036762438152
679,Hard Bimodal,200,2,2,10,0.2,0.005536340642720461,22.387665131693126
680,Hard Bimodal,200,2,5,1,0.05,8.910922770155594e-05,22.409592127835293
681,Hard Bimodal,200,2,5,2,0.0,1.30272310343571e-05,8.57816946994393
682,Hard Bimodal,200,2,5,5,0.0,3.036844645976089e-05,14.978473221065613
683,Hard Bimodal,200,2,5,10,0.05,0.00013040032354183495,22.35482611724864
684,Hard Bimodal,200,2,10,1,0.05,1.2526633952347765e-07,22.327709495784045
685,Hard Bimodal,200,2,10,2,0.2,1.38658450055118e-07,20.71483454235605
686,Hard Bimodal,200,2,10,5,0.0,1.0387307014525504e-07,19.456288962075508
687,Hard Bimodal,200,2,10,10,0.2,3.2486306622558914e-07,22.354209063212163
688,Soft Trimodal,200,3,1,1,0.2,0.052056241780519485,22.57854197819975
689,Soft Trimodal,200,3,1,2,0.0,8.838951544021256e-06,0.33393725681885095
690,Soft Trimodal,200,3,1,5,0.0,0.00023613969096913934,1.5844418092143677
691,Soft Trimodal,200,3,1,10,0.0,0.013975384645164013,13.041556620920668
692,Soft Trimodal,200,3,2,1,0.05,0.00683970283716917,22.734238079484598
693,Soft Trimodal,200,3,2,2,0.0,0.0003686347045004368,5.3724360893640934
694,Soft Trimodal,200,3,2,5,0.0,0.0009694415493868291,8.554787831175346
695,Soft Trimodal,200,3,2,10,0.0,0.0038323774933815002,15.491396084960607
696,Soft Trimodal,200,3,5,1,0.05,5.552279617404565e-05,22.52620137828738
697,Soft Trimodal,200,3,5,2,0.0,2.0672903701779433e-05,12.737845218311614
698,Soft Trimodal,200,3,5,5,0.0,7.798930892022327e-05,16.644751725687158
699,Soft Trimodal,200,3,5,10,0.0,9.738971129991114e-05,18.524277711859476
700,Soft Trimodal,200,3,10,1,0.05,9.965400948885872e-08,22.85188301057281
701,Soft Trimodal,200,3,10,2,0.0,2.891448502850835e-07,18.90387139608619
702,Soft Trimodal,200,3,10,5,0.2,3.296082695669611e-07,20.380672109974608
703,Soft Trimodal,200,3,10,10,0.05,1.411667938100436e-07,21.91670480393644
704,Edgy trimodal,200,4,1,1,0.05,0.04208647459745407,22.521528329162077
705,Edgy trimodal,200,4,1,2,0.0,6.668630021522404e-07,0.0852965189433174
706,Edgy trimodal,200,4,1,5,0.0,0.00011654618720058352,1.0987159799249948
707,Edgy trimodal,200,4,1,10,0.0,0.03913038596510887,20.458809758353873
708,Edgy trimodal,200,4,2,1,0.2,0.007436077576130629,22.391658101602538
709,Edgy trimodal,200,4,2,2,0.0,9.95780574157834e-05,2.6560863668865506
710,Edgy trimodal,200,4,2,5,0.0,0.0007943884120322764,7.299454749660003
711,Edgy trimodal,200,4,2,10,0.0,0.006927052047103643,20.893970024828636
712,Edgy trimodal,200,4,5,1,0.2,7.820551400072873e-05,22.384471060932718
713,Edgy trimodal,200,4,5,2,0.0,1.930288090079557e-05,9.093116554666931
714,Edgy trimodal,200,4,5,5,0.0,6.475924601545557e-05,15.858097239166968
715,Edgy trimodal,200,4,5,10,0.0,0.00011740937770809978,21.26995845817523
716,Edgy trimodal,200,4,10,1,0.2,3.143667299809749e-07,22.34261155862863
717,Edgy trimodal,200,4,10,2,0.0,1.9400836492877716e-07,17.378775865576305
718,Edgy trimodal,200,4,10,5,0.0,3.5644336549012223e-07,19.820829066731243
719,Edgy trimodal,200,4,10,10,0.2,3.33953693143485e-07,22.31503973859684
720,Vanilla,250,0,1,1,0.2,0.04243015870451927,22.61718952396364
721,Vanilla,250,0,1,2,0.2,0.046654216945171356,22.64750639471016
722,Vanilla,250,0,1,5,0.2,0.048072461038827896,22.788313912542158
723,Vanilla,250,0,1,10,0.2,0.04734010994434357,22.22911068433477
724,Vanilla,250,0,2,1,0.2,0.006549549754709005,22.660732315229797
725,Vanilla,250,0,2,2,0.2,0.0064596934244036674,22.73300575773582
726,Vanilla,250,0,2,5,0.05,0.007329755928367376,22.81806973958632
727,Vanilla,250,0,2,10,0.2,0.005609610583633184,22.30342733962092
728,Vanilla,250,0,5,1,0.2,5.9495880122995004e-05,22.542204882765184
729,Vanilla,250,0,5,2,0.2,0.00012722713290713727,22.142161809314008
730,Vanilla,250,0,5,5,0.2,6.802615826018155e-05,22.67332600025992
731,Vanilla,250,0,5,10,0.2,0.00012606903328560293,22.391598133947195
732,Vanilla,250,0,10,1,0.2,2.3836686580125388e-07,22.644377277055444
733,Vanilla,250,0,10,2,0.2,4.99023315114755e-07,22.942347708100296
734,Vanilla,250,0,10,5,0.2,6.227882920484262e-08,23.340541634440758
735,Vanilla,250,0,10,10,0.2,1.2919952041556826e-07,22.857213510676587
736,Gaussian,250,1,1,1,0.2,0.048773519694805145,22.494230759918615
737,Gaussian,250,1,1,2,0.2,0.05222729220986366,22.34388385012356
738,Gaussian,250,1,1,5,0.2,0.04638490080833435,22.49816954902422
739,Gaussian,250,1,1,10,0.2,0.05459119379520416,22.773278033318185
740,Gaussian,250,1,2,1,0.2,0.0067321378737688065,22.788254988692913
741,Gaussian,250,1,2,2,0.2,0.00601175194606185,22.68939251533288
742,Gaussian,250,1,2,5,0.1,0.005120570305734873,22.508403649821133
743,Gaussian,250,1,2,10,0.2,0.006218020338565111,22.573649940380918
744,Gaussian,250,1,5,1,0.2,7.235634257085621e-05,22.395381914660792
745,Gaussian,250,1,5,2,0.2,0.00013336935080587864,22.568664215947464
746,Gaussian,250,1,5,5,0.2,0.00014775489398743957,22.470416478098905
747,Gaussian,250,1,5,10,0.2,0.00010694762750063092,22.34758762935191
748,Gaussian,250,1,10,1,0.2,1.8590417028008233e-07,22.791120653975366
749,Gaussian,250,1,10,2,0.2,1.4739255504991888e-07,23.10352148652073
750,Gaussian,250,1,10,5,0.2,2.603169377835002e-07,22.740267170298647
751,Gaussian,250,1,10,10,0.2,3.003536619416991e-07,22.338073606976568
752,Hard Bimodal,250,2,1,1,0.15,0.048659104853868484,22.342192909031446
753,Hard Bimodal,250,2,1,2,0.0,6.072076530472259e-07,0.08247648052895525
754,Hard Bimodal,250,2,1,5,0.0,0.0002002116380026564,1.3540178608441789
755,Hard Bimodal,250,2,1,10,0.0,0.036984946578741074,20.515148241556698
756,Hard Bimodal,250,2,2,1,0.2,0.00713874027132988,22.32055518659629
757,Hard Bimodal,250,2,2,2,0.0,6.1969825765118e-05,1.9633991854212598
758,Hard Bimodal,250,2,2,5,0.0,0.00037031518877483904,5.323452777577505
759,Hard Bimodal,250,2,2,10,0.0,0.006573283113539219,20.988968631145713
760,Hard Bimodal,250,2,5,1,0.05,0.00011139273556182161,22.462127006545998
761,Hard Bimodal,250,2,5,2,0.0,1.326301116932882e-05,8.698305723584191
762,Hard Bimodal,250,2,5,5,0.0,1.7444628610974178e-05,11.770087420480028
763,Hard Bimodal,250,2,5,10,0.0,8.905244612833485e-05,21.99956373302342
764,Hard Bimodal,250,2,10,1,0.2,5.440891825969629e-08,22.407821025598057
765,Hard Bimodal,250,2,10,2,0.0,8.706620491238937e-08,15.35666661331997
766,Hard Bimodal,250,2,10,5,0.0,2.598214337012905e-07,18.58602288231754
767,Hard Bimodal,250,2,10,10,0.2,2.3561527484616818e-07,22.516400950586622
768,Soft Trimodal,250,3,1,1,0.2,0.046222981065511703,22.436864817349843
769,Soft Trimodal,250,3,1,2,0.0,1.0521004696784075e-05,0.35390326812363715
770,Soft Trimodal,250,3,1,5,0.0,0.0007547257118858397,2.9229771784316627
771,Soft Trimodal,250,3,1,10,0.0,0.0361112579703331,19.7346804150456
772,Soft Trimodal,250,3,2,1,0.2,0.007008957676589489,22.43897431611737
773,Soft Trimodal,250,3,2,2,0.0,0.0005086153978481889,5.491110814182574
774,Soft Trimodal,250,3,2,5,0.0,0.0010720104910433292,8.541476314253474
775,Soft Trimodal,250,3,2,10,0.05,0.005937166977673769,20.71192914214083
776,Soft Trimodal,250,3,5,1,0.2,0.00010329886572435498,22.289976404108263
777,Soft Trimodal,250,3,5,2,0.0,2.928774119936861e-05,12.389319563955581
778,Soft Trimodal,250,3,5,5,0.2,7.374527194770053e-05,17.219701723357645
779,Soft Trimodal,250,3,5,10,0.0,0.00014078139793127775,20.628547132241508
780,Soft Trimodal,250,3,10,1,0.05,3.7427199117701093e-07,22.630826252591838
781,Soft Trimodal,250,3,10,2,0.0,3.957540855026309e-07,24.458328619658122
782,Soft Trimodal,250,3,10,5,0.2,2.702574590784934e-07,20.197275351903905
783,Soft Trimodal,250,3,10,10,0.05,4.459965623482276e-07,22.07537829030697
784,Edgy trimodal,250,4,1,1,0.2,0.04693831503391266,22.403459063888857
785,Edgy trimodal,250,4,1,2,0.0,3.0876356049702736e-07,0.05681402490253756
786,Edgy trimodal,250,4,1,5,0.0,6.923980254214257e-05,1.00037186384204
787,Edgy trimodal,250,4,1,10,0.0,0.036243341863155365,19.2473681743927
788,Edgy trimodal,250,4,2,1,0.1,0.006530351471155882,22.726511472957498
789,Edgy trimodal,250,4,2,2,0.0,6.212556036189198e-05,2.3366252180260703
790,Edgy trimodal,250,4,2,5,0.0,0.0004891277640126646,6.199151368667359
791,Edgy trimodal,250,4,2,10,0.0,0.0049698082730174065,20.042921929759192
792,Edgy trimodal,250,4,5,1,0.15,7.753149839118123e-05,22.5955011261662
793,Edgy trimodal,250,4,5,2,0.0,2.2827636712463573e-05,8.702080874586926
794,Edgy trimodal,250,4,5,5,0.0,2.9234679459477775e-05,15.536371196519948
795,Edgy trimodal,250,4,5,10,0.0,8.429625449934974e-05,21.9185678022528
796,Edgy trimodal,250,4,10,1,0.15,2.073530680490876e-07,22.529470175021594
797,Edgy trimodal,250,4,10,2,0.0,2.0215811957768892e-07,16.41452916102454
798,Edgy trimodal,250,4,10,5,0.1,2.801895391257858e-07,21.270345126187053
799,Edgy trimodal,250,4,10,10,0.2,4.7340088826786086e-07,22.260680646198384
0,Vanilla,50,0,1,3,0.2,0.04628847539424896,22.348938836971026
1,Vanilla,50,0,1,4,0.2,0.0442783497273922,22.485031234994356
2,Vanilla,50,0,1,6,0.2,0.05276886373758316,22.40375874182095
3,Vanilla,50,0,2,3,0.2,0.0059761474840343,22.38913250652046
4,Vanilla,50,0,2,4,0.0,0.00620244862511754,22.871161467128616
5,Vanilla,50,0,2,6,0.05,0.006739001255482435,22.39142640750026
6,Vanilla,50,0,5,3,0.05,0.0001275545364478603,22.45756904089493
7,Vanilla,50,0,5,4,0.2,9.678069909568876e-05,22.513147200580377
8,Vanilla,50,0,5,6,0.2,9.125193901127204e-05,22.391410052531864
9,Vanilla,50,0,10,3,0.2,4.26463316216541e-07,22.35533189773331
10,Vanilla,50,0,10,4,0.15,2.778509440304333e-07,22.43685869665868
11,Vanilla,50,0,10,6,0.2,2.2089723472618061e-07,22.371706587009278
12,Gaussian,50,1,1,3,0.2,0.042630329728126526,22.4047142790045
13,Gaussian,50,1,1,4,0.2,0.041015081107616425,22.251495653953032
14,Gaussian,50,1,1,6,0.2,0.04451487585902214,22.44332869539827
15,Gaussian,50,1,2,3,0.2,0.007539784535765648,22.459052910066966
16,Gaussian,50,1,2,4,0.1,0.005362137220799923,22.48453176521966
17,Gaussian,50,1,2,6,0.2,0.0070325289852917194,22.354419300349974
18,Gaussian,50,1,5,3,0.2,7.886914681876078e-05,22.562943641760267
19,Gaussian,50,1,5,4,0.2,7.704359450144693e-05,22.392589623988542
20,Gaussian,50,1,5,6,0.2,0.00013483148359227926,22.422435750827784
21,Gaussian,50,1,10,3,0.2,2.4806766418805637e-07,22.40521552811595
22,Gaussian,50,1,10,4,0.2,5.717647013625538e-07,22.364556800413155
23,Gaussian,50,1,10,6,0.05,3.2115713111124933e-07,22.271284916590186
24,Hard Bimodal,50,2,1,3,0.0,0.00017808440316002816,1.4517531944149102
25,Hard Bimodal,50,2,1,4,0.0,0.001062088762409985,3.3972895645643817
26,Hard Bimodal,50,2,1,6,0.0,0.016401343047618866,13.685090153334132
27,Hard Bimodal,50,2,2,3,0.0,0.0008219817536883056,7.960789432964302
28,Hard Bimodal,50,2,2,4,0.0,0.0007910775020718575,8.545297089976277
29,Hard Bimodal,50,2,2,6,0.0,0.0028107957914471626,15.277289316094535
30,Hard Bimodal,50,2,5,3,0.0,5.282185156829655e-05,16.178757593388468
31,Hard Bimodal,50,2,5,4,0.0,7.56777953938581e-05,22.626370383222095
32,Hard Bimodal,50,2,5,6,0.0,0.0001301196898566559,19.979214357618176
33,Hard Bimodal,50,2,10,3,0.0,2.8867222567896533e-07,18.385807103089906
34,Hard Bimodal,50,2,10,4,0.05,2.488004042788816e-07,20.90167396083946
35,Hard Bimodal,50,2,10,6,0.0,1.081170779571039e-07,22.5124633178751
36,Soft Trimodal,50,3,1,3,0.0,0.0009332887129858136,3.2871479614676695
37,Soft Trimodal,50,3,1,4,0.0,0.001952626509591937,5.11181526355328
38,Soft Trimodal,50,3,1,6,0.0,0.017650766298174858,13.69556206988805
39,Soft Trimodal,50,3,2,3,0.0,0.0010729561327025294,8.978474625001558
40,Soft Trimodal,50,3,2,4,0.0,0.0017544839065521955,9.597756409733783
41,Soft Trimodal,50,3,2,6,0.0,0.003645770251750946,15.104418662588959
42,Soft Trimodal,50,3,5,3,0.0,3.521911639836617e-05,17.40747285173768
43,Soft Trimodal,50,3,5,4,0.05,0.00010446244414197281,17.384539064534557
44,Soft Trimodal,50,3,5,6,0.0,3.9018817915348336e-05,19.154382810713976
45,Soft Trimodal,50,3,10,3,0.0,2.948735584595852e-07,21.05572455122248
46,Soft Trimodal,50,3,10,4,0.05,1.2191613052436878e-07,21.828037619501195
47,Soft Trimodal,50,3,10,6,0.05,2.2009706412973173e-07,21.24975585797252
48,Edgy trimodal,50,4,1,3,0.0,0.00020421488443389535,1.4361723698418714
49,Edgy trimodal,50,4,1,4,0.0,0.001347048906609416,3.836097729477196
50,Edgy trimodal,50,4,1,6,0.0,0.017351344227790833,13.760929272344821
51,Edgy trimodal,50,4,2,3,0.0,0.0009074578410945833,7.4968550128042235
52,Edgy trimodal,50,4,2,4,0.0,0.0010824066121131182,8.745987326284176
53,Edgy trimodal,50,4,2,6,0.0,0.003232198767364025,15.550100756745014
54,Edgy trimodal,50,4,5,3,0.0,3.225180626031943e-05,17.035468406765062
55,Edgy trimodal,50,4,5,4,0.0,6.22192892478779e-05,16.907180506682565
56,Edgy trimodal,50,4,5,6,0.0,7.36321962904185e-05,18.567373130593975
57,Edgy trimodal,50,4,10,3,0.2,6.839941306679975e-07,20.87744930311883
58,Edgy trimodal,50,4,10,4,0.0,1.7292316556449805e-07,21.148477904468237
59,Edgy trimodal,50,4,10,6,0.0,1.0018181484383604e-07,21.571334665431504
60,Vanilla,100,0,1,3,0.1,0.03923110291361809,22.425433216141904
61,Vanilla,100,0,1,4,0.2,0.04939863830804825,22.396130690855397
62,Vanilla,100,0,1,6,0.2,0.044832970947027206,22.486035569977577
63,Vanilla,100,0,2,3,0.2,0.006639953702688217,22.53066622206623
64,Vanilla,100,0,2,4,0.05,0.007510518189519644,22.300642009440068
65,Vanilla,100,0,2,6,0.15,0.005771978292614222,22.60472049532741
66,Vanilla,100,0,5,3,0.2,7.608808664372191e-05,22.51591234202492
67,Vanilla,100,0,5,4,0.2,5.2996649174019694e-05,22.36235771837597
68,Vanilla,100,0,5,6,0.1,8.577706466894597e-05,22.435405325274935
69,Vanilla,100,0,10,3,0.05,2.8053489131707465e-07,22.659560641737134
70,Vanilla,100,0,10,4,0.2,7.298114041986992e-07,22.308247307872907
71,Vanilla,100,0,10,6,0.2,1.2921233860652137e-07,22.306240368448467
72,Gaussian,100,1,1,3,0.2,0.04785807803273201,22.63572750472069
73,Gaussian,100,1,1,4,0.2,0.051292840391397476,22.554065089264533
74,Gaussian,100,1,1,6,0.2,0.04365985095500946,22.37860998942056
75,Gaussian,100,1,2,3,0.2,0.005970590747892857,22.58602059717505
76,Gaussian,100,1,2,4,0.2,0.007704689633101225,22.550341090564046
77,Gaussian,100,1,2,6,0.2,0.006827739533036947,22.698097129082207
78,Gaussian,100,1,5,3,0.2,0.00012583697389345616,22.551568508365445
79,Gaussian,100,1,5,4,0.2,0.00013253297947812825,22.70141779971435
80,Gaussian,100,1,5,6,0.2,0.00010233272041659802,22.627805419991574
81,Gaussian,100,1,10,3,0.2,3.7674251984753937e-07,22.803149838961392
82,Gaussian,100,1,10,4,0.2,3.8244908751039475e-07,22.20413933731586
83,Gaussian,100,1,10,6,0.0,5.714475719287293e-07,23.103458082949942
84,Hard Bimodal,100,2,1,3,0.0,4.4872685975860804e-05,0.7120860955497451
85,Hard Bimodal,100,2,1,4,0.0,0.00027365554706193507,1.7322242391847933
86,Hard Bimodal,100,2,1,6,0.0,0.003914637956768274,6.596999104614104
87,Hard Bimodal,100,2,2,3,0.0,0.0002529729681555182,3.982402717278589
88,Hard Bimodal,100,2,2,4,0.0,0.0008261947077699006,6.9278769896513195
89,Hard Bimodal,100,2,2,6,0.0,0.0011271827388554811,10.214436685244811
90,Hard Bimodal,100,2,5,3,0.0,1.6833288100315258e-05,12.37501787897225
91,Hard Bimodal,100,2,5,4,0.0,3.266410203650594e-05,14.154615295205781
92,Hard Bimodal,100,2,5,6,0.0,6.163860234664753e-05,18.538958793957725
93,Hard Bimodal,100,2,10,3,0.0,1.6154542947788286e-07,19.880415652437247
94,Hard Bimodal,100,2,10,4,0.0,3.858935144762654e-07,19.107780333861633
95,Hard Bimodal,100,2,10,6,0.0,2.625411070766859e-07,20.213374418218592
96,Soft Trimodal,100,3,1,3,0.0,0.00015427418111357838,1.3993741526905679
97,Soft Trimodal,100,3,1,4,0.0,0.0005387893761508167,2.725475280330502
98,Soft Trimodal,100,3,1,6,0.0,0.0028664881829172373,6.103064045794564
99,Soft Trimodal,100,3,2,3,0.0,0.0009021671139635146,8.11260416349008
100,Soft Trimodal,100,3,2,4,0.0,0.0009308683802373707,7.968677714898864
101,Soft Trimodal,100,3,2,6,0.0,0.0015971773536875844,10.234791335162452
102,Soft Trimodal,100,3,5,3,0.0,4.266316318535246e-05,18.777019919326424
103,Soft Trimodal,100,3,5,4,0.0,5.4707968956790864e-05,15.9586959810942
104,Soft Trimodal,100,3,5,6,0.05,7.060664938762784e-05,17.904707544277112
105,Soft Trimodal,100,3,10,3,0.0,2.5952496685022197e-07,19.528515433566948
106,Soft Trimodal,100,3,10,4,0.05,2.8972081622669066e-07,20.504929112774857
107,Soft Trimodal,100,3,10,6,0.0,3.022493331172882e-07,22.018709030351467
108,Edgy trimodal,100,4,1,3,0.0,1.91623876162339e-05,0.4466511699345186
109,Edgy trimodal,100,4,1,4,0.0,0.00010300122085027397,1.112334856355985
110,Edgy trimodal,100,4,1,6,0.0,0.0043053706176579,7.275150740592242
111,Edgy trimodal,100,4,2,3,0.0,0.00032659710268490016,4.74100244537078
112,Edgy trimodal,100,4,2,4,0.0,0.0006677491473965347,6.563391343392048
113,Edgy trimodal,100,4,2,6,0.0,0.0014040342066437006,9.977103915418667
114,Edgy trimodal,100,4,5,3,0.0,2.5289671611972153e-05,12.677784775213713
115,Edgy trimodal,100,4,5,4,0.0,6.757624942110851e-05,15.224176273706588
116,Edgy trimodal,100,4,5,6,0.0,6.640198989771307e-05,18.224398278872012
117,Edgy trimodal,100,4,10,3,0.0,2.145944222320395e-07,16.081406446601033
118,Edgy trimodal,100,4,10,4,0.05,2.3895810841167986e-07,20.80933766210609
119,Edgy trimodal,100,4,10,6,0.0,2.100129563586961e-07,21.422678458674348
120,Vanilla,150,0,1,3,0.2,0.04201086610555649,21.792381649310816
121,Vanilla,150,0,1,4,0.2,0.047266554087400436,22.702163875474653
122,Vanilla,150,0,1,6,0.2,0.04182307422161102,22.372943805005928
123,Vanilla,150,0,2,3,0.2,0.006131086964160204,23.01140278651271
124,Vanilla,150,0,2,4,0.2,0.008226378820836544,22.655251863789083
125,Vanilla,150,0,2,6,0.2,0.005424595903605223,22.690972853173076
126,Vanilla,150,0,5,3,0.2,8.117084507830441e-05,22.48838336729898
127,Vanilla,150,0,5,4,0.2,7.70186961744912e-05,22.78437639298446
128,Vanilla,150,0,5,6,0.0,8.676091238157824e-05,23.1856889454465
129,Vanilla,150,0,10,3,0.2,1.0761543478565727e-07,22.747896537372416
130,Vanilla,150,0,10,4,0.2,2.275045005717402e-07,21.988307967096045
131,Vanilla,150,0,10,6,0.1,1.2893478640307876e-07,22.391083632122477
132,Gaussian,150,1,1,3,0.2,0.050038497895002365,22.689629236775637
133,Gaussian,150,1,1,4,0.2,0.04769275709986687,22.194774198197745
134,Gaussian,150,1,1,6,0.2,0.055178288370370865,22.452519482310123
135,Gaussian,150,1,2,3,0.1,0.00906648300588131,22.161052403988936
136,Gaussian,150,1,2,4,0.1,0.007031077053397894,22.706961027437433
137,Gaussian,150,1,2,6,0.2,0.006192862056195736,22.50431612790679
138,Gaussian,150,1,5,3,0.15,8.927205635700375e-05,22.12026012964416
139,Gaussian,150,1,5,4,0.2,0.00011832421296276152,22.69722856584725
140,Gaussian,150,1,5,6,0.2,8.236904977820814e-05,22.74959488392733
141,Gaussian,150,1,10,3,0.2,1.7536007135277032e-07,23.146628662875102
142,Gaussian,150,1,10,4,0.2,7.018101086941897e-07,22.708823699789583
143,Gaussian,150,1,10,6,0.2,2.682212709714804e-07,22.880817278156965
144,Hard Bimodal,150,2,1,3,0.0,4.621283096639672e-06,0.24016846163496092
145,Hard Bimodal,150,2,1,4,0.0,7.23020639270544e-05,0.857912692140621
146,Hard Bimodal,150,2,1,6,0.0,0.001833795802667737,4.299386029435196
147,Hard Bimodal,150,2,2,3,0.0,0.00013238814426586032,2.9966384810273863
148,Hard Bimodal,150,2,2,4,0.0,0.0004682280123233795,5.329741917815764
149,Hard Bimodal,150,2,2,6,0.0,0.0008280458278022707,8.661995974102684
150,Hard Bimodal,150,2,5,3,0.0,1.3817718354403041e-05,9.95712089872353
151,Hard Bimodal,150,2,5,4,0.0,3.113628918072209e-05,11.2794641153727
152,Hard Bimodal,150,2,5,6,0.0,6.20421560597606e-05,17.588250555902015
153,Hard Bimodal,150,2,10,3,0.0,3.3626017170718114e-07,15.747609274933657
154,Hard Bimodal,150,2,10,4,0.0,9.071742113064829e-08,18.54698771158886
155,Hard Bimodal,150,2,10,6,0.0,7.202917373660966e-08,21.95836097479087
156,Soft Trimodal,150,3,1,3,0.0,0.00012418707774486393,1.1194605078910653
157,Soft Trimodal,150,3,1,4,0.0,0.0002743742079474032,1.8340648434406752
158,Soft Trimodal,150,3,1,6,0.0,0.0012873354135081172,4.070020551699925
159,Soft Trimodal,150,3,2,3,0.0,0.0006623596418648958,6.934790279680023
160,Soft Trimodal,150,3,2,4,0.0,0.001041820622049272,8.307157477527756
161,Soft Trimodal,150,3,2,6,0.0,0.0011220130836591125,9.197855608266925
162,Soft Trimodal,150,3,5,3,0.0,3.331640982651152e-05,16.156905435810373
163,Soft Trimodal,150,3,5,4,0.05,3.9109847421059385e-05,17.37424297192992
164,Soft Trimodal,150,3,5,6,0.05,4.8313911975128576e-05,17.054544347773007
165,Soft Trimodal,150,3,10,3,0.0,1.6664053248405253e-07,17.01495062942808
166,Soft Trimodal,150,3,10,4,0.2,3.3812602850957774e-07,20.020453103775367
167,Soft Trimodal,150,3,10,6,0.0,2.2308394420633704e-07,22.40724424659495
168,Edgy trimodal,150,4,1,3,0.0,5.163917194295209e-06,0.24634929286552568
169,Edgy trimodal,150,4,1,4,0.0,5.658025838783942e-05,0.8348766262028896
170,Edgy trimodal,150,4,1,6,0.0,0.0013097493210807443,3.7435462093769756
171,Edgy trimodal,150,4,2,3,0.0,0.00015491335943806916,3.131352338812673
172,Edgy trimodal,150,4,2,4,0.0,0.0003939570742659271,5.648628790902021
173,Edgy trimodal,150,4,2,6,0.0,0.0010330859804525971,8.16142488792073
174,Edgy trimodal,150,4,5,3,0.0,2.0008239516755566e-05,10.897967759813998
175,Edgy trimodal,150,4,5,4,0.0,3.9999664295464754e-05,13.135427056998434
176,Edgy trimodal,150,4,5,6,0.0,4.771172098116949e-05,16.137729085866702
177,Edgy trimodal,150,4,10,3,0.0,2.0141159495778993e-07,15.948428008961612
178,Edgy trimodal,150,4,10,4,0.0,6.479478997789556e-08,16.194679347247238
179,Edgy trimodal,150,4,10,6,0.0,2.5642020773375407e-07,21.79907792967364
180,Vanilla,200,0,1,3,0.1,0.044110506772994995,22.984159902970404
181,Vanilla,200,0,1,4,0.05,0.041292499750852585,22.25190298107775
182,Vanilla,200,0,1,6,0.2,0.04783770442008972,22.58452074746281
183,Vanilla,200,0,2,3,0.2,0.006027283612638712,22.542223159022534
184,Vanilla,200,0,2,4,0.2,0.00557492533698678,22.26695240012546
185,Vanilla,200,0,2,6,0.2,0.005572275724261999,22.731119558585732
186,Vanilla,200,0,5,3,0.05,7.683779404032975e-05,22.17484440453268
187,Vanilla,200,0,5,4,0.2,8.553892985219136e-05,22.688141616702133
188,Vanilla,200,0,5,6,0.2,0.00010546223347773775,22.39558699598051
189,Vanilla,200,0,10,3,0.2,6.144414896880335e-07,22.465056008278236
190,Vanilla,200,0,10,4,0.2,5.421183573162125e-07,22.567229475312345
191,Vanilla,200,0,10,6,0.2,4.1170659415001865e-07,22.33613902825314
192,Gaussian,200,1,1,3,0.2,0.05277717858552933,22.656080279536717
193,Gaussian,200,1,1,4,0.2,0.04095892235636711,22.673350227676433
194,Gaussian,200,1,1,6,0.2,0.047931890934705734,22.53282653118279
195,Gaussian,200,1,2,3,0.2,0.009302779100835323,22.40041983074759
196,Gaussian,200,1,2,4,0.2,0.006376165430992842,22.899520988951657
197,Gaussian,200,1,2,6,0.05,0.007304454687982798,22.468125887759378
198,Gaussian,200,1,5,3,0.2,9.303805563831702e-05,23.001768624679304
199,Gaussian,200,1,5,4,0.2,5.603436511592008e-05,23.55874239558892
200,Gaussian,200,1,5,6,0.2,9.92270652204752e-05,22.550031180687977
201,Gaussian,200,1,10,3,0.2,4.896263021691993e-07,22.49147312928592
202,Gaussian,200,1,10,4,0.2,2.875700602089637e-07,22.479318565819423
203,Gaussian,200,1,10,6,0.2,2.906025429183501e-07,22.600823230434756
204,Hard Bimodal,200,2,1,3,0.0,5.25200857737218e-06,0.25691844064706565
205,Hard Bimodal,200,2,1,4,0.0,2.6319299649912864e-05,0.5648844829555995
206,Hard Bimodal,200,2,1,6,0.0,0.0007082530646584928,2.847410424274586
207,Hard Bimodal,200,2,2,3,0.0,9.214134479407221e-05,2.6835909070217836
208,Hard Bimodal,200,2,2,4,0.0,0.0001687738113105297,4.31298515797358
209,Hard Bimodal,200,2,2,6,0.0,0.0008909858879633248,8.56476913791272
210,Hard Bimodal,200,2,5,3,0.0,1.2859907656093128e-05,8.040087398224832
211,Hard Bimodal,200,2,5,4,0.0,1.8577607988845557e-05,9.598673697087742
212,Hard Bimodal,200,2,5,6,0.0,5.544949453906156e-05,16.418257324819354
213,Hard Bimodal,200,2,10,3,0.0,9.417080093498953e-08,19.47420027416683
214,Hard Bimodal,200,2,10,4,0.0,5.068434205668382e-08,18.02668141050319
215,Hard Bimodal,200,2,10,6,0.05,2.0444460346880078e-07,22.360442300697287
216,Soft Trimodal,200,3,1,3,0.0,3.11607145704329e-05,0.5794764779857264
217,Soft Trimodal,200,3,1,4,0.0,8.332177822012454e-05,1.019891550993219
218,Soft Trimodal,200,3,1,6,0.0,0.0003942390903830528,2.2237703718910895
219,Soft Trimodal,200,3,2,3,0.0,0.0003204428940080106,5.302812787173478
220,Soft Trimodal,200,3,2,4,0.0,0.0006098048179410398,7.213622018157703
221,Soft Trimodal,200,3,2,6,0.0,0.0008173556416295469,9.334185243509808
222,Soft Trimodal,200,3,5,3,0.0,2.150473665096797e-05,12.261296260441965
223,Soft Trimodal,200,3,5,4,0.0,3.070068851229735e-05,13.48696779008901
224,Soft Trimodal,200,3,5,6,0.1,5.6495755416108295e-05,17.556967301617842
225,Soft Trimodal,200,3,10,3,0.0,1.3537768950300233e-07,19.222251808766043
226,Soft Trimodal,200,3,10,4,0.0,1.5229409200401278e-07,21.5716940034327
227,Soft Trimodal,200,3,10,6,0.2,1.1357227691632943e-07,20.389135781345814
228,Edgy trimodal,200,4,1,3,0.0,4.001494744443335e-06,0.20201010278422238
229,Edgy trimodal,200,4,1,4,0.0,3.1996438337955624e-05,0.5787303178460099
230,Edgy trimodal,200,4,1,6,0.0,0.000527121766936034,2.4360114222792753
231,Edgy trimodal,200,4,2,3,0.0,0.00010690923227230087,2.7391378719842274
232,Edgy trimodal,200,4,2,4,0.0,0.0003192875883542001,5.263285221768206
233,Edgy trimodal,200,4,2,6,0.0,0.0009671815205365419,8.52830370656018
234,Edgy trimodal,200,4,5,3,0.0,2.1273472157190554e-05,9.668956704571741
235,Edgy trimodal,200,4,5,4,0.0,2.7416504963184707e-05,11.557694709882067
236,Edgy trimodal,200,4,5,6,0.0,3.564252983778715e-05,19.16745568462009
237,Edgy trimodal,200,4,10,3,0.0,1.8246667821131268e-07,15.251107097525587
238,Edgy trimodal,200,4,10,4,0.2,2.3953077743499307e-07,20.26979058600238
239,Edgy trimodal,200,4,10,6,0.0,4.67722088615119e-07,20.44459303281295
240,Vanilla,250,0,1,3,0.2,0.04686417430639267,22.15334767000873
241,Vanilla,250,0,1,4,0.15,0.04580620676279068,22.26931644289928
242,Vanilla,250,0,1,6,0.2,0.05141659080982208,22.55140341305697
243,Vanilla,250,0,2,3,0.2,0.0071528139524161816,22.497306153841787
244,Vanilla,250,0,2,4,0.2,0.008148714900016785,22.40292235793762
245,Vanilla,250,0,2,6,0.2,0.0057196239940822124,22.31480041100105
246,Vanilla,250,0,5,3,0.2,0.0001308071950916201,22.661614397254308
247,Vanilla,250,0,5,4,0.2,8.307473035529256e-05,22.296989285577816
248,Vanilla,250,0,5,6,0.2,9.392220817971975e-05,23.21521807129229
249,Vanilla,250,0,10,3,0.2,2.680762918316759e-07,22.26993310843786
250,Vanilla,250,0,10,4,0.2,2.0180476667519542e-07,22.134748304860647
251,Vanilla,250,0,10,6,0.2,3.2424509299744386e-07,22.205870338499107
252,Gaussian,250,1,1,3,0.2,0.05063415691256523,22.732701022992874
253,Gaussian,250,1,1,4,0.2,0.04389346018433571,22.006349514295017
254,Gaussian,250,1,1,6,0.2,0.044869959354400635,22.368251017110236
255,Gaussian,250,1,2,3,0.2,0.005545673426240683,22.693536128846247
256,Gaussian,250,1,2,4,0.2,0.009485026821494102,22.729790398990293
257,Gaussian,250,1,2,6,0.2,0.007149838376790285,22.917279969302776
258,Gaussian,250,1,5,3,0.2,0.00011377245391486213,22.676924833889515
259,Gaussian,250,1,5,4,0.2,8.953690121416003e-05,22.461930005245474
260,Gaussian,250,1,5,6,0.2,7.148174336180091e-05,23.221828005099802
261,Gaussian,250,1,10,3,0.2,2.408861803360196e-07,23.199168433709538
262,Gaussian,250,1,10,4,0.2,4.215189903788996e-07,22.543775233039664
263,Gaussian,250,1,10,6,0.2,3.575515563625231e-07,22.3274607362702
264,Hard Bimodal,250,2,1,3,0.0,8.904052037905785e-07,0.10253147823804794
265,Hard Bimodal,250,2,1,4,0.0,6.489514362328919e-06,0.27346579541534954
266,Hard Bimodal,250,2,1,6,0.0,0.00030671030981466174,1.7654025182396393
267,Hard Bimodal,250,2,2,3,0.0,9.337517258245498e-05,2.543363057167412
268,Hard Bimodal,250,2,2,4,0.0,0.00014690101670566946,3.7118937655653967
269,Hard Bimodal,250,2,2,6,0.0,0.000830243865493685,7.736318756305865
270,Hard Bimodal,250,2,5,3,0.0,9.178472282656003e-06,10.402720726364915
271,Hard Bimodal,250,2,5,4,0.0,1.7867798305815086e-05,9.3588997492548
272,Hard Bimodal,250,2,5,6,0.0,4.213831925881095e-05,17.81687943010653
273,Hard Bimodal,250,2,10,3,0.0,1.2553095984912943e-07,15.817369517931763
274,Hard Bimodal,250,2,10,4,0.0,6.034646560237888e-08,17.10699541100621
275,Hard Bimodal,250,2,10,6,0.0,3.069214074002957e-07,20.089313213026813
276,Soft Trimodal,250,3,1,3,0.0,4.461142816580832e-05,0.7545180531333362
277,Soft Trimodal,250,3,1,4,0.0,0.00024537142599001527,1.6370228050242035
278,Soft Trimodal,250,3,1,6,0.0,0.0005714009748771787,2.675991968921191
279,Soft Trimodal,250,3,2,3,0.0,0.0004042296204715967,5.528606753062193
280,Soft Trimodal,250,3,2,4,0.0,0.0006559052271768451,7.015941451312303
281,Soft Trimodal,250,3,2,6,0.0,0.000889544899109751,8.583772617197523
282,Soft Trimodal,250,3,5,3,0.0,2.6682911993702874e-05,13.46673271490336
283,Soft Trimodal,250,3,5,4,0.0,3.6985416954848915e-05,16.62186258871035
284,Soft Trimodal,250,3,5,6,0.2,3.794748772634193e-05,18.61583919661267
285,Soft Trimodal,250,3,10,3,0.0,2.864597092866461e-07,18.778420030393683
286,Soft Trimodal,250,3,10,4,0.2,4.4371401486387185e-07,20.350291616988795
287,Soft Trimodal,250,3,10,6,0.0,1.4763912759008235e-07,22.797296678331048
288,Edgy trimodal,250,4,1,3,0.0,1.94224230654072e-06,0.14883374982001685
289,Edgy trimodal,250,4,1,4,0.0,1.3366982784646098e-05,0.3355353632096866
290,Edgy trimodal,250,4,1,6,0.0,0.0002313986187800765,1.632874775114192
291,Edgy trimodal,250,4,2,3,0.0,8.811429870547727e-05,2.6514001889923597
292,Edgy trimodal,250,4,2,4,0.0,0.00018944003386422992,4.197587573811812
293,Edgy trimodal,250,4,2,6,0.0,0.0008467649458907545,8.214075652096186
294,Edgy trimodal,250,4,5,3,0.0,1.1334459486533888e-05,9.493614460000822
295,Edgy trimodal,250,4,5,4,0.0,2.96021989925066e-05,11.946672839889748
296,Edgy trimodal,250,4,5,6,0.0,6.490889063570648e-05,16.563071187084763
297,Edgy trimodal,250,4,10,3,0.0,3.0660987704322906e-07,17.06504942463497
298,Edgy trimodal,250,4,10,4,0.0,1.4378632329226093e-07,17.53692567718274
299,Edgy trimodal,250,4,10,6,0.0,3.363905420883384e-07,20.701303722956148
300,Vanilla,50,0,1,3,0.0,0.04131723567843437,22.16537533012673
301,Vanilla,50,0,1,4,0.2,0.04891806095838547,22.42253850825764
302,Vanilla,50,0,1,6,0.05,0.04783773049712181,22.489040842326123
303,Vanilla,50,0,2,3,0.2,0.006133096758276224,22.259369324063925
304,Vanilla,50,0,2,4,0.2,0.0065882885828614235,22.392079233567028
305,Vanilla,50,0,2,6,0.2,0.0073555163107812405,22.31325634441119
306,Vanilla,50,0,5,3,0.2,0.0001700928114587441,22.451307718298253
307,Vanilla,50,0,5,4,0.2,0.0001264566380996257,22.368541616581407
308,Vanilla,50,0,5,6,0.0,9.108151425607502e-05,22.512850334326423
309,Vanilla,50,0,10,3,0.2,3.1847062587075925e-07,22.21723359804276
310,Vanilla,50,0,10,4,0.0,3.069063154725882e-07,22.95934916035704
311,Vanilla,50,0,10,6,0.2,3.3628569440224965e-07,22.402434679959313
312,Gaussian,50,1,1,3,0.2,0.04663971811532974,22.489832636582346
313,Gaussian,50,1,1,4,0.2,0.05152411758899689,22.30579572553328
314,Gaussian,50,1,1,6,0.2,0.04912154749035835,22.409263929528816
315,Gaussian,50,1,2,3,0.1,0.006081759929656982,22.340625464444322
316,Gaussian,50,1,2,4,0.05,0.006156352814286947,22.172744185526447
317,Gaussian,50,1,2,6,0.05,0.005844575352966785,22.37514252857014
318,Gaussian,50,1,5,3,0.2,0.0001456312893424183,22.467131618740922
319,Gaussian,50,1,5,4,0.2,6.548024975927547e-05,22.4841048997849
320,Gaussian,50,1,5,6,0.2,0.00012414570664986968,22.358615438487508
321,Gaussian,50,1,10,3,0.2,1.982894133334412e-07,22.771443416127713
322,Gaussian,50,1,10,4,0.2,8.104254902718822e-07,22.395891548495076
323,Gaussian,50,1,10,6,0.2,7.63439231832308e-08,22.551440627268903
324,Hard Bimodal,50,2,1,3,0.0,0.0002925623266492039,1.83606735744211
325,Hard Bimodal,50,2,1,4,0.0,0.0018207445973530412,4.35014958617737
326,Hard Bimodal,50,2,1,6,0.0,0.0178487841039896,14.752113320202952
327,Hard Bimodal,50,2,2,3,0.0,0.0006468394421972334,7.5381005498668125
328,Hard Bimodal,50,2,2,4,0.0,0.0011086553568020463,8.842047753302381
329,Hard Bimodal,50,2,2,6,0.0,0.0029919850639998913,15.399669673398995
330,Hard Bimodal,50,2,5,3,0.0,4.185995567240752e-05,15.224076046022567
331,Hard Bimodal,50,2,5,4,0.0,6.336870865197852e-05,18.577436711913627
332,Hard Bimodal,50,2,5,6,0.0,5.407513526733965e-05,19.45960845145617
333,Hard Bimodal,50,2,10,3,0.05,3.009904503414873e-07,20.89292713568099
334,Hard Bimodal,50,2,10,4,0.0,2.1804034133765526e-07,19.634564249843947
335,Hard Bimodal,50,2,10,6,0.0,3.3604294458200457e-07,21.667969806314197
336,Soft Trimodal,50,3,1,3,0.0,0.0004182885168120265,2.061495565264861
337,Soft Trimodal,50,3,1,4,0.0,0.0019541236106306314,4.521500194019303
338,Soft Trimodal,50,3,1,6,0.0,0.02364274673163891,15.553076652526824
339,Soft Trimodal,50,3,2,3,0.0,0.0010421386687085032,7.63574637151775
340,Soft Trimodal,50,3,2,4,0.0,0.0008545073796994984,8.774800059765875
341,Soft Trimodal,50,3,2,6,0.0,0.004985133185982704,17.10503833453118
342,Soft Trimodal,50,3,5,3,0.0,4.142664693063125e-05,15.345230683711735
343,Soft Trimodal,50,3,5,4,0.0,4.939193240716122e-05,17.43601234133503
344,Soft Trimodal,50,3,5,6,0.0,5.935041917837225e-05,21.008931758255745
345,Soft Trimodal,50,3,10,3,0.0,2.0336402428711153e-07,19.77309872907151
346,Soft Trimodal,50,3,10,4,0.0,9.25659477957197e-08,23.821255413446544
347,Soft Trimodal,50,3,10,6,0.0,1.410439551818854e-07,21.155608084334723
348,Edgy trimodal,50,4,1,3,0.0,0.00018483416351955384,1.4019699661123424
349,Edgy trimodal,50,4,1,4,0.0,0.0011079233372583985,3.527381330693355
350,Edgy trimodal,50,4,1,6,0.0,0.024281367659568787,16.641289782789244
351,Edgy trimodal,50,4,2,3,0.0,0.0009243754320777953,7.775352602503743
352,Edgy trimodal,50,4,2,4,0.0,0.0008798634517006576,8.385965030028641
353,Edgy trimodal,50,4,2,6,0.0,0.003784655826166272,17.51561628846795
354,Edgy trimodal,50,4,5,3,0.0,5.6065608077915385e-05,14.90787444470151
355,Edgy trimodal,50,4,5,4,0.0,5.923115531913936e-05,16.78479125664948
356,Edgy trimodal,50,4,5,6,0.0,5.5582371714990586e-05,20.02873226059994
357,Edgy trimodal,50,4,10,3,0.05,2.809320562846551e-07,20.54863645016227
358,Edgy trimodal,50,4,10,4,0.0,2.5991792540480674e-07,19.508495338719985
359,Edgy trimodal,50,4,10,6,0.0,2.8744932478730334e-07,21.135981307016404
360,Vanilla,100,0,1,3,0.2,0.04117666557431221,22.7091986348422
361,Vanilla,100,0,1,4,0.2,0.050302229821681976,22.31944837756763
362,Vanilla,100,0,1,6,0.05,0.053689323365688324,22.70847294849092
363,Vanilla,100,0,2,3,0.2,0.0055647375993430614,22.43999499207031
364,Vanilla,100,0,2,4,0.2,0.007704774383455515,22.478582742888978
365,Vanilla,100,0,2,6,0.2,0.006901033688336611,22.65360975995327
366,Vanilla,100,0,5,3,0.2,0.0001063508098013699,22.838213248303816
367,Vanilla,100,0,5,4,0.2,0.0001070842263288796,22.63099076850288
368,Vanilla,100,0,5,6,0.2,5.6095403124345466e-05,22.517442512087296
369,Vanilla,100,0,10,3,0.2,2.6881733106165484e-07,22.131780415179055
370,Vanilla,100,0,10,4,0.2,3.676243807149149e-07,22.414061819231428
371,Vanilla,100,0,10,6,0.2,5.3824365409127495e-08,22.9622984668109
372,Gaussian,100,1,1,3,0.2,0.04036690667271614,22.38458898927452
373,Gaussian,100,1,1,4,0.2,0.04429922625422478,22.3317828802657
374,Gaussian,100,1,1,6,0.2,0.03747781366109848,22.63111617736946
375,Gaussian,100,1,2,3,0.0,0.004900297150015831,22.987902569629558
376,Gaussian,100,1,2,4,0.2,0.007072577252984047,22.5120857840329
377,Gaussian,100,1,2,6,0.2,0.007512744050472975,22.582461332070363
378,Gaussian,100,1,5,3,0.2,0.00010903172369580716,22.771916490802052
379,Gaussian,100,1,5,4,0.2,8.166978659573942e-05,22.675024548636106
380,Gaussian,100,1,5,6,0.2,3.685405681608245e-05,22.603708607710054
381,Gaussian,100,1,10,3,0.05,1.9223249125843722e-07,22.92020406528989
382,Gaussian,100,1,10,4,0.2,1.347525540040806e-07,22.785769334821406
383,Gaussian,100,1,10,6,0.0,4.6541700271518494e-07,22.849302772886336
384,Hard Bimodal,100,2,1,3,0.0,5.548028275370598e-05,0.7883856485910867
385,Hard Bimodal,100,2,1,4,0.0,0.0005598384886980057,2.3199720550366814
386,Hard Bimodal,100,2,1,6,0.0,0.00469607999548316,7.009396649351459
387,Hard Bimodal,100,2,2,3,0.0,0.0003375165397301316,5.772905585908069
388,Hard Bimodal,100,2,2,4,0.0,0.0007044560043141246,7.3802724838609555
389,Hard Bimodal,100,2,2,6,0.0,0.0015464018797501922,10.626311456861345
390,Hard Bimodal,100,2,5,3,0.0,4.244455340085551e-05,13.37775086251977
391,Hard Bimodal,100,2,5,4,0.0,6.1597085732501e-05,14.937343708322
392,Hard Bimodal,100,2,5,6,0.0,5.295862865750678e-05,19.14157124574311
393,Hard Bimodal,100,2,10,3,0.0,2.713868525461294e-07,17.868072234326057
394,Hard Bimodal,100,2,10,4,0.0,1.6038906380799745e-07,19.12374734204423
395,Hard Bimodal,100,2,10,6,0.0,4.565238214127021e-07,19.999996948241954
396,Soft Trimodal,100,3,1,3,0.0,0.00016782963939476758,1.2805045215388333
397,Soft Trimodal,100,3,1,4,0.0,0.0005819480284117162,2.4792950594270176
398,Soft Trimodal,100,3,1,6,0.0,0.004962512291967869,7.507931901853605
399,Soft Trimodal,100,3,2,3,0.0,0.000955808674916625,8.00158198927279
400,Soft Trimodal,100,3,2,4,0.0,0.001207226887345314,8.373813829829311
401,Soft Trimodal,100,3,2,6,0.0,0.0011496338993310928,9.852374848793199
402,Soft Trimodal,100,3,5,3,0.0,5.472281918628141e-05,16.627615586657523
403,Soft Trimodal,100,3,5,4,0.0,5.793198579340242e-05,15.918784488300636
404,Soft Trimodal,100,3,5,6,0.0,6.827012839494273e-05,18.33543319236179
405,Soft Trimodal,100,3,10,3,0.2,2.3882105892880645e-07,19.2636670233759
406,Soft Trimodal,100,3,10,4,0.0,1.9349852209415985e-07,20.495637010705703
407,Soft Trimodal,100,3,10,6,0.05,2.181181599780757e-07,20.622978712508107
408,Edgy trimodal,100,4,1,3,0.0,3.967258453485556e-05,0.6721789759153531
409,Edgy trimodal,100,4,1,4,0.0,0.00024393592320848256,1.6959412283475968
410,Edgy trimodal,100,4,1,6,0.0,0.004878256469964981,7.514196057797503
411,Edgy trimodal,100,4,2,3,0.0,0.00043255859054625034,5.547453170516823
412,Edgy trimodal,100,4,2,4,0.0,0.0007024583755992353,7.63413379364659
413,Edgy trimodal,100,4,2,6,0.0,0.0016415040008723736,10.165702857520593
414,Edgy trimodal,100,4,5,3,0.0,2.868297633540351e-05,12.90781583362292
415,Edgy trimodal,100,4,5,4,0.0,3.225156615371816e-05,14.461254048399251
416,Edgy trimodal,100,4,5,6,0.0,5.3517011110670865e-05,16.7590963232005
417,Edgy trimodal,100,4,10,3,0.0,9.49140783745861e-08,16.69568356220778
418,Edgy trimodal,100,4,10,4,0.0,1.4550603566476639e-07,19.1570457305673
419,Edgy trimodal,100,4,10,6,0.0,2.3097658186088665e-07,20.296099899797944
420,Vanilla,150,0,1,3,0.2,0.046389248222112656,22.45370671654237
421,Vanilla,150,0,1,4,0.2,0.04470615088939667,22.64608338705476
422,Vanilla,150,0,1,6,0.15,0.04046500474214554,22.19261329724234
423,Vanilla,150,0,2,3,0.0,0.00862597394734621,23.784225698766058
424,Vanilla,150,0,2,4,0.2,0.006876933388411999,22.09774152858302
425,Vanilla,150,0,2,6,0.2,0.007363856770098209,22.905229449468795
426,Vanilla,150,0,5,3,0.2,6.108517845859751e-05,22.4985513856587
427,Vanilla,150,0,5,4,0.05,7.82731149229221e-05,22.036541502172096
428,Vanilla,150,0,5,6,0.2,7.68653626437299e-05,22.384788716205044
429,Vanilla,150,0,10,3,0.2,1.9104038528894307e-07,22.416026431256654
430,Vanilla,150,0,10,4,0.2,2.1049123688499094e-07,22.179798261655456
431,Vanilla,150,0,10,6,0.2,2.751413887835952e-07,22.4740837886369
432,Gaussian,150,1,1,3,0.05,0.049724970012903214,22.662810203251354
433,Gaussian,150,1,1,4,0.2,0.04408423975110054,22.311374326033935
434,Gaussian,150,1,1,6,0.2,0.042395297437906265,22.27393553788156
435,Gaussian,150,1,2,3,0.2,0.0070805978029966354,22.18302386627131
436,Gaussian,150,1,2,4,0.2,0.008190546184778214,22.079415296469794
437,Gaussian,150,1,2,6,0.2,0.0068833972327411175,22.596609269717465
438,Gaussian,150,1,5,3,0.2,0.00011825439287349582,22.40351423217286
439,Gaussian,150,1,5,4,0.2,0.00011379328498151153,22.93433726279427
440,Gaussian,150,1,5,6,0.05,0.00010528926213737577,22.47616467539836
441,Gaussian,150,1,10,3,0.2,9.172570258897395e-08,22.16418366639422
442,Gaussian,150,1,10,4,0.2,2.378820909143542e-07,22.42425401142143
443,Gaussian,150,1,10,6,0.2,2.8656737072196847e-07,22.618698675767273
444,Hard Bimodal,150,2,1,3,0.0,7.262619874381926e-06,0.2826147742389178
445,Hard Bimodal,150,2,1,4,0.0,9.452964150113985e-05,0.9614157378300324
446,Hard Bimodal,150,2,1,6,0.0,0.002217439468950033,5.018552122098732
447,Hard Bimodal,150,2,2,3,0.0,0.00014303941861726344,2.9750460068166644
448,Hard Bimodal,150,2,2,4,0.0,0.00030129365040920675,4.427207723627774
449,Hard Bimodal,150,2,2,6,0.0,0.0013084864476695657,9.106752728138876
450,Hard Bimodal,150,2,5,3,0.0,1.6049842088250443e-05,8.945889889935577
451,Hard Bimodal,150,2,5,4,0.0,2.068597314064391e-05,11.6542508862948
452,Hard Bimodal,150,2,5,6,0.0,5.818596764584072e-05,18.090330864878652
453,Hard Bimodal,150,2,10,3,0.0,7.811455304818082e-08,18.1486552599398
454,Hard Bimodal,150,2,10,4,0.0,2.2947644140458578e-07,17.297087601730908
455,Hard Bimodal,150,2,10,6,0.0,1.9953694163632463e-07,20.758919510846717
456,Soft Trimodal,150,3,1,3,0.0,4.897114195046015e-05,0.7165041125566181
457,Soft Trimodal,150,3,1,4,0.0,0.00012729647278320044,1.222407062718949
458,Soft Trimodal,150,3,1,6,0.0,0.0014083270216360688,4.006253123170585
459,Soft Trimodal,150,3,2,3,0.0,0.0005457157967612147,6.316439768290009
460,Soft Trimodal,150,3,2,4,0.0,0.0008531513740308583,7.81373647441801
461,Soft Trimodal,150,3,2,6,0.0,0.0011233763070777059,8.789534275532562
462,Soft Trimodal,150,3,5,3,0.0,2.0049821614520624e-05,14.904649436638943
463,Soft Trimodal,150,3,5,4,0.0,5.3175303037278354e-05,16.65143886454758
464,Soft Trimodal,150,3,5,6,0.0,7.232390635181218e-05,16.912312265102717
465,Soft Trimodal,150,3,10,3,0.0,2.8943915708623535e-07,18.173048012710076
466,Soft Trimodal,150,3,10,4,0.0,1.2742017929667782e-07,22.00215554514631
467,Soft Trimodal,150,3,10,6,0.05,6.135815056040883e-07,20.67961223777389
468,Edgy trimodal,150,4,1,3,0.0,7.482347882614704e-06,0.28503135663417295
469,Edgy trimodal,150,4,1,4,0.0,5.5921853345353156e-05,0.7663354496815338
470,Edgy trimodal,150,4,1,6,0.0,0.0015275588957592845,4.205414669533149
471,Edgy trimodal,150,4,2,3,0.0,0.00019029084069188684,3.700687040515366
472,Edgy trimodal,150,4,2,4,0.0,0.0005393909523263574,6.088450783300611
473,Edgy trimodal,150,4,2,6,0.0,0.0009537448058836162,8.876229214500906
474,Edgy trimodal,150,4,5,3,0.0,2.030451469181571e-05,11.02898783628267
475,Edgy trimodal,150,4,5,4,0.0,2.489059443178121e-05,14.64531112470654
476,Edgy trimodal,150,4,5,6,0.0,2.5813813408603892e-05,16.143775595520264
477,Edgy trimodal,150,4,10,3,0.0,9.388102029106449e-08,15.585914493247431
478,Edgy trimodal,150,4,10,4,0.0,2.3107821789380978e-07,19.23057943866682
479,Edgy trimodal,150,4,10,6,0.0,3.8498959042954084e-07,20.098048389638873
480,Vanilla,200,0,1,3,0.2,0.04868505522608757,22.28260728465912
481,Vanilla,200,0,1,4,0.2,0.043189797550439835,22.335261854725157
482,Vanilla,200,0,1,6,0.2,0.04722882807254791,22.439091278008842
483,Vanilla,200,0,2,3,0.2,0.008241570554673672,22.45296801550027
484,Vanilla,200,0,2,4,0.2,0.0065214973874390125,22.38755130900388
485,Vanilla,200,0,2,6,0.2,0.005809656344354153,22.452478026517475
486,Vanilla,200,0,5,3,0.2,9.044694888871163e-05,22.894865488197485
487,Vanilla,200,0,5,4,0.2,9.421441063750535e-05,22.512043760125657
488,Vanilla,200,0,5,6,0.1,0.00013310783833730966,22.05904372161471
489,Vanilla,200,0,10,3,0.2,2.0970601610770245e-07,22.357223865774905
490,Vanilla,200,0,10,4,0.2,3.6544989256981353e-07,22.66750124722548
491,Vanilla,200,0,10,6,0.2,2.9868553497180983e-07,22.73772392645026
492,Gaussian,200,1,1,3,0.2,0.04503101482987404,22.72727149547227
493,Gaussian,200,1,1,4,0.2,0.04698402062058449,22.271759708599095
494,Gaussian,200,1,1,6,0.2,0.06221511960029602,23.100632484661677
495,Gaussian,200,1,2,3,0.1,0.0077085127122700214,22.71241690872941
496,Gaussian,200,1,2,4,0.2,0.00732304947450757,22.787953671173092
497,Gaussian,200,1,2,6,0.2,0.0050700632855296135,22.16037968940324
498,Gaussian,200,1,5,3,0.15,0.00011309490218991414,22.584344407236784
499,Gaussian,200,1,5,4,0.2,0.00010675716475816444,22.865584640185784
500,Gaussian,200,1,5,6,0.2,0.00011540958075784147,22.633404430039906
501,Gaussian,200,1,10,3,0.2,2.751317822458077e-07,22.007350733973524
502,Gaussian,200,1,10,4,0.2,4.687535408720578e-07,22.811556861925137
503,Gaussian,200,1,10,6,0.2,2.2532441334988107e-07,22.854222601581885
504,Hard Bimodal,200,2,1,3,0.0,6.251396825973643e-06,0.25010401826785533
505,Hard Bimodal,200,2,1,4,0.0,4.4586442527361214e-05,0.6654457943520229
506,Hard Bimodal,200,2,1,6,0.0,0.0011636476265266538,3.698444740665441
507,Hard Bimodal,200,2,2,3,0.0,0.00010361412569181994,3.1080121451377454
508,Hard Bimodal,200,2,2,4,0.0,0.00020125038281548768,4.1273122144711385
509,Hard Bimodal,200,2,2,6,0.0,0.0008655402925796807,8.619136863031697
510,Hard Bimodal,200,2,5,3,0.0,1.352281014987966e-05,9.148008002567503
511,Hard Bimodal,200,2,5,4,0.0,1.9689425243996084e-05,9.624265568443839
512,Hard Bimodal,200,2,5,6,0.0,5.319571209838614e-05,15.77927741384646
513,Hard Bimodal,200,2,10,3,0.0,2.373700027646919e-07,16.438392063781
514,Hard Bimodal,200,2,10,4,0.0,1.7447875677589764e-07,16.450960283165273
515,Hard Bimodal,200,2,10,6,0.0,1.0544764705855414e-07,21.841634710706465
516,Soft Trimodal,200,3,1,3,0.0,5.2040959417354316e-05,0.7290503045740937
517,Soft Trimodal,200,3,1,4,0.0,0.00018179326434619725,1.4402203734306773
518,Soft Trimodal,200,3,1,6,0.0,0.0013333635870367289,3.6934644662963723
519,Soft Trimodal,200,3,2,3,0.0,0.000621570332441479,6.154642117815517
520,Soft Trimodal,200,3,2,4,0.0,0.000735752226319164,7.190622994672553
521,Soft Trimodal,200,3,2,6,0.0,0.0008629063377156854,8.796074026173596
522,Soft Trimodal,200,3,5,3,0.0,4.810881000594236e-05,14.66342774665085
523,Soft Trimodal,200,3,5,4,0.0,3.091737016802654e-05,14.20980144235837
524,Soft Trimodal,200,3,5,6,0.05,7.939685747260228e-05,17.723311010469462
525,Soft Trimodal,200,3,10,3,0.0,1.0936861372101703e-07,21.652656290027384
526,Soft Trimodal,200,3,10,4,0.0,2.760937150014797e-07,20.211913661437947
527,Soft Trimodal,200,3,10,6,0.05,4.957079795531172e-07,20.56292297484799
528,Edgy trimodal,200,4,1,3,0.0,1.7347541643175646e-06,0.13901926906346274
529,Edgy trimodal,200,4,1,4,0.0,1.488809721195139e-05,0.40155958404669756
530,Edgy trimodal,200,4,1,6,0.0,0.0004923478700220585,2.707912461273204
531,Edgy trimodal,200,4,2,3,0.0,0.00013403569755610079,2.941304604039282
532,Edgy trimodal,200,4,2,4,0.0,0.0002949679328594357,4.760925978022856
533,Edgy trimodal,200,4,2,6,0.0,0.000888811715412885,8.092759237441536
534,Edgy trimodal,200,4,5,3,0.0,9.878602213575505e-06,8.401344881933804
535,Edgy trimodal,200,4,5,4,0.0,2.7218797185923904e-05,11.042676848260012
536,Edgy trimodal,200,4,5,6,0.0,4.3344483856344596e-05,17.03394384515582
537,Edgy trimodal,200,4,10,3,0.0,1.0606465394857878e-07,19.97277122925539
538,Edgy trimodal,200,4,10,4,0.0,1.5365904459940793e-07,17.022291042453258
539,Edgy trimodal,200,4,10,6,0.0,1.6593443774581829e-07,21.404592630866848
540,Vanilla,250,0,1,3,0.2,0.04809918999671936,22.534334561527647
541,Vanilla,250,0,1,4,0.05,0.03982565179467201,22.173996633646908
542,Vanilla,250,0,1,6,0.2,0.05191870406270027,22.508181970457642
543,Vanilla,250,0,2,3,0.2,0.008408395573496819,22.36820190133369
544,Vanilla,250,0,2,4,0.05,0.0061156111769378185,22.442612089557308
545,Vanilla,250,0,2,6,0.2,0.007002036087214947,22.703692246010615
546,Vanilla,250,0,5,3,0.2,0.0001240075216628611,22.636877493511555
547,Vanilla,250,0,5,4,0.05,0.00011523407738422975,23.410648681309272
548,Vanilla,250,0,5,6,0.2,0.00011097179231001064,22.42333197030251
549,Vanilla,250,0,10,3,0.2,3.600154059313354e-07,22.666456483352636
550,Vanilla,250,0,10,4,0.2,1.9683069751863513e-07,22.547013735063466
551,Vanilla,250,0,10,6,0.2,4.497147187976225e-07,22.40573855871143
552,Gaussian,250,1,1,3,0.2,0.046243440359830856,22.408447498367874
553,Gaussian,250,1,1,4,0.2,0.041093021631240845,22.5058965797716
554,Gaussian,250,1,1,6,0.2,0.04174516350030899,21.938847253190588
555,Gaussian,250,1,2,3,0.2,0.006754233967512846,22.23556907809113
556,Gaussian,250,1,2,4,0.2,0.006495940964668989,22.76806862099789
557,Gaussian,250,1,2,6,0.2,0.005044534802436829,22.778872100263353
558,Gaussian,250,1,5,3,0.2,8.357170736417174e-05,23.459001855714284
559,Gaussian,250,1,5,4,0.2,8.171342051355168e-05,23.078832451495867
560,Gaussian,250,1,5,6,0.2,0.00011541402636794373,22.717062781227902
561,Gaussian,250,1,10,3,0.2,2.475670157764398e-07,22.12529517370192
562,Gaussian,250,1,10,4,0.2,3.5277071219752543e-07,23.445848773440282
563,Gaussian,250,1,10,6,0.2,1.4745722864972777e-07,22.86072866378197
564,Hard Bimodal,250,2,1,3,0.0,1.2565624274429865e-06,0.1169434230860017
565,Hard Bimodal,250,2,1,4,0.0,1.0622001354931854e-05,0.344913658830502
566,Hard Bimodal,250,2,1,6,0.0,0.0005782252992503345,2.460012788971943
567,Hard Bimodal,250,2,2,3,0.0,9.275806223740801e-05,2.622407632224781
568,Hard Bimodal,250,2,2,4,0.0,0.00015270159929059446,3.2538942334524514
569,Hard Bimodal,250,2,2,6,0.0,0.0006640698411501944,7.281135787395548
570,Hard Bimodal,250,2,5,3,0.0,1.0632815246935934e-05,8.85230889670793
571,Hard Bimodal,250,2,5,4,0.0,1.2151445844210684e-05,9.225091750766417
572,Hard Bimodal,250,2,5,6,0.0,6.243777897907421e-05,15.389973118332852
573,Hard Bimodal,250,2,10,3,0.0,5.979094908070692e-08,17.528106788466648
574,Hard Bimodal,250,2,10,4,0.0,1.0871902134113043e-07,17.408272261061246
575,Hard Bimodal,250,2,10,6,0.05,4.1972344888563384e-07,21.812908529483753
576,Soft Trimodal,250,3,1,3,0.0,4.3080293835373595e-05,0.6755453591072207
577,Soft Trimodal,250,3,1,4,0.0,0.00011755395098589361,1.0926840356113896
578,Soft Trimodal,250,3,1,6,0.0,0.0009153469582088292,3.278341693825494
579,Soft Trimodal,250,3,2,3,0.0,0.0007900033961050212,6.3461996525887505
580,Soft Trimodal,250,3,2,4,0.0,0.0006067284266464412,7.973561468698739
581,Soft Trimodal,250,3,2,6,0.0,0.0007714736275374889,9.364467961014714
582,Soft Trimodal,250,3,5,3,0.0,3.275451308581978e-05,14.40432905187084
583,Soft Trimodal,250,3,5,4,0.0,5.15749525220599e-05,17.13094655394104
584,Soft Trimodal,250,3,5,6,0.0,5.2800580306211486e-05,17.870425619341198
585,Soft Trimodal,250,3,10,3,0.0,2.115256592105652e-07,18.570895881139524
586,Soft Trimodal,250,3,10,4,0.0,1.1774063324310191e-07,19.54059385867301
587,Soft Trimodal,250,3,10,6,0.2,1.572643526515094e-07,21.56857930604726
588,Edgy trimodal,250,4,1,3,0.0,4.669858390116133e-05,0.7040631711019475
589,Edgy trimodal,250,4,1,4,0.0,4.223615906084888e-05,0.6772746744980321
590,Edgy trimodal,250,4,1,6,0.0,0.00042315563769079745,2.030444176096968
591,Edgy trimodal,250,4,2,3,0.0,9.88302708719857e-05,2.6524064923198494
592,Edgy trimodal,250,4,2,4,0.0,0.0001968852593563497,3.6263898618565245
593,Edgy trimodal,250,4,2,6,0.0,0.0008236332214437425,7.546282316514345
594,Edgy trimodal,250,4,5,3,0.0,2.1530771846300922e-05,9.523879306174255
595,Edgy trimodal,250,4,5,4,0.0,1.7548942196299322e-05,11.879468859991503
596,Edgy trimodal,250,4,5,6,0.0,5.080436676507816e-05,16.632578563702452
597,Edgy trimodal,250,4,10,3,0.0,1.472264585800076e-07,15.48542050740036
598,Edgy trimodal,250,4,10,4,0.0,6.197839752530854e-08,17.20155231656752
599,Edgy trimodal,250,4,10,6,0.0,2.377388739205344e-07,20.656903001213966
